cv_id,job_family,coverage_obligatorias,coverage_deseables,experiencia_ratio,educacion_match,similitud_semantica,label,anios_experiencia,nivel_educativo,universidad_tier,brecha_laboral_meses,n_skills_detectadas,n_palabras_cv
1,desarrollador_backend,0.5,0.25,0.0,0.0,0.641083300113678,0,0.0,ninguno,desconocida,0,6,33
2,desarrollador_backend,0.0,0.0,0.5,1.0,0.38222724199295044,0,1.0,posgrado,top,0,3,27
3,desarrollador_backend,0.5,0.0,0.0,0.0,0.6548707485198975,0,0.0,ninguno,desconocida,0,6,28
4,desarrollador_backend,1.0,0.5,0.0,1.0,0.5878391861915588,1,0.0,posgrado,top,0,10,46
5,desarrollador_backend,1.0,1.0,1.0,0.5,0.4614870846271515,1,2.0,tecnico,top,0,9,42
6,desarrollador_backend,0.5,0.5,1.5,1.0,0.5551158785820007,0,3.0,pregrado,top,0,7,35
7,desarrollador_backend,1.0,0.5,1.5,0.5,0.6464090347290039,1,3.0,tecnico,top,0,10,50
8,desarrollador_backend,1.0,0.75,0.5,1.0,0.5203123092651367,1,1.0,posgrado,top,0,10,39
9,desarrollador_backend,0.5,0.0,0.0,0.5,0.4814375936985016,0,0.0,tecnico,top,0,3,45
10,desarrollador_backend,0.0,0.0,0.5,1.0,0.4718267023563385,0,1.0,posgrado,top,0,2,32
11,desarrollador_backend,0.5,0.0,0.5,1.0,0.5110900402069092,0,1.0,pregrado,top,0,5,44
12,desarrollador_backend,1.0,1.0,0.5,1.0,0.6659918427467346,1,1.0,pregrado,top,24,11,53
13,desarrollador_backend,0.5,0.5,0.5,1.0,0.5964436531066895,1,1.0,pregrado,top,0,7,45
14,desarrollador_backend,1.0,1.0,1.5,1.0,0.5295366644859314,1,3.0,posgrado,top,0,9,50
15,desarrollador_backend,0.0,0.0,1.5,1.0,0.5165576338768005,0,4.0,pregrado,top,12,2,52
16,desarrollador_backend,0.0,0.0,0.5,0.5,0.40191274881362915,0,1.0,tecnico,top,0,3,29
17,desarrollador_backend,0.5,0.5,1.5,0.5,0.5317501425743103,1,4.0,tecnico,top,0,5,39
18,desarrollador_backend,0.5,0.25,1.5,1.0,0.5771361589431763,0,3.0,pregrado,top,0,6,55
19,desarrollador_backend,0.5,0.25,0.0,0.5,0.5857882499694824,0,0.0,tecnico,top,0,7,42
20,desarrollador_backend,1.0,0.5,0.5,0.5,0.5767901539802551,1,1.0,tecnico,top,0,7,40
21,desarrollador_backend,0.5,0.0,0.5,1.0,0.6084569692611694,0,1.0,pregrado,top,0,6,31
22,desarrollador_backend,0.25,0.0,1.0,1.0,0.5223116278648376,0,2.0,posgrado,top,0,4,45
23,desarrollador_backend,0.5,0.0,1.5,1.0,0.48049578070640564,0,3.0,pregrado,top,0,6,45
24,desarrollador_backend,0.5,0.0,1.5,1.0,0.5816071629524231,0,4.0,pregrado,top,0,7,46
25,desarrollador_backend,1.0,0.25,1.0,1.0,0.6129407286643982,1,2.0,pregrado,top,0,9,39
26,desarrollador_backend,1.0,0.25,0.5,0.5,0.6305515766143799,0,1.0,tecnico,top,0,9,47
27,desarrollador_backend,0.5,0.25,0.5,1.0,0.34840863943099976,0,1.0,pregrado,top,0,7,46
28,desarrollador_backend,1.0,0.75,1.0,1.0,0.5459175109863281,1,2.0,pregrado,top,12,11,65
29,desarrollador_backend,0.25,0.0,1.0,0.5,0.45122718811035156,0,2.0,tecnico,top,12,6,58
30,desarrollador_backend,1.0,0.5,1.0,0.5,0.631327748298645,1,2.0,tecnico,top,0,9,46
31,desarrollador_backend,0.0,0.0,0.0,0.5,0.43777668476104736,0,0.0,tecnico,top,0,4,39
32,desarrollador_backend,1.0,1.0,1.5,0.5,0.4487837851047516,1,3.0,tecnico,top,0,12,42
33,desarrollador_backend,1.0,1.0,1.5,1.0,0.5536624193191528,1,3.0,posgrado,top,24,12,52
34,desarrollador_backend,0.5,0.25,1.0,0.5,0.6794685125350952,0,2.0,tecnico,top,12,6,56
35,desarrollador_backend,1.0,0.25,0.0,0.0,0.6463069915771484,0,0.0,ninguno,desconocida,0,7,31
36,desarrollador_backend,1.0,0.25,0.5,1.0,0.621212363243103,1,1.0,pregrado,top,0,9,41
37,desarrollador_backend,0.0,0.0,0.5,1.0,0.4293522834777832,0,1.0,posgrado,top,0,5,42
38,desarrollador_backend,0.25,0.0,1.0,1.0,0.40805894136428833,0,2.0,pregrado,top,0,5,49
39,desarrollador_backend,0.5,0.5,1.5,1.0,0.6798402070999146,1,5.0,pregrado,top,0,5,44
40,desarrollador_backend,1.0,0.5,1.0,1.0,0.6283588409423828,1,2.0,pregrado,top,0,10,46
41,desarrollador_backend,0.0,0.0,0.5,1.0,0.56824791431427,0,1.0,pregrado,top,0,1,37
42,desarrollador_backend,0.5,0.5,0.0,1.0,0.5642741918563843,0,0.0,pregrado,top,0,7,42
43,desarrollador_backend,0.5,0.0,0.5,1.0,0.49883970618247986,0,1.0,posgrado,top,12,6,50
44,desarrollador_backend,0.0,0.0,0.0,0.5,0.32063907384872437,0,0.0,tecnico,top,0,3,38
45,desarrollador_backend,0.5,0.25,1.0,1.0,0.634030282497406,0,2.0,posgrado,top,0,4,41
46,desarrollador_backend,0.5,0.5,1.0,0.5,0.516878068447113,1,2.0,tecnico,top,24,9,67
47,desarrollador_backend,0.0,0.0,1.0,1.0,0.4209296703338623,0,2.0,posgrado,top,0,1,32
48,desarrollador_backend,0.0,0.0,1.5,0.5,0.524732232093811,0,5.0,tecnico,top,0,1,33
49,desarrollador_backend,0.5,0.25,0.5,1.0,0.537256121635437,0,1.0,pregrado,top,0,5,49
50,desarrollador_backend,1.0,0.75,1.0,1.0,0.5975831747055054,1,2.0,pregrado,top,0,12,45
51,desarrollador_backend,0.5,0.25,1.0,1.0,0.5381879210472107,0,2.0,pregrado,top,0,4,35
52,desarrollador_backend,0.0,0.0,1.5,0.5,0.41760388016700745,0,3.0,tecnico,top,12,3,50
53,desarrollador_backend,0.5,0.0,0.5,0.5,0.5602551698684692,0,1.0,tecnico,top,0,5,39
54,desarrollador_backend,1.0,0.5,1.5,1.0,0.5988221168518066,1,3.0,pregrado,top,0,8,44
55,desarrollador_backend,1.0,0.25,0.0,0.5,0.4075041115283966,0,0.0,tecnico,top,0,8,48
56,desarrollador_backend,1.0,1.0,0.5,1.0,0.6576177477836609,1,1.0,posgrado,top,0,10,46
57,desarrollador_backend,1.0,0.5,0.0,0.0,0.504166841506958,0,0.0,ninguno,desconocida,0,10,35
58,desarrollador_backend,0.25,0.0,1.0,1.0,0.5284849405288696,0,2.0,pregrado,top,0,5,42
59,desarrollador_backend,0.25,0.0,0.5,1.0,0.46242472529411316,0,1.0,posgrado,top,0,4,26
60,desarrollador_backend,1.0,0.5,1.0,1.0,0.6518405079841614,1,2.0,posgrado,top,0,10,54
61,desarrollador_backend,0.0,0.0,0.5,1.0,0.30854251980781555,0,1.0,pregrado,top,0,5,40
62,desarrollador_backend,0.5,0.5,0.5,1.0,0.5392615795135498,0,1.0,pregrado,top,24,6,50
63,desarrollador_backend,0.0,0.0,1.0,1.0,0.6236071586608887,0,2.0,pregrado,top,24,4,60
64,desarrollador_backend,0.5,0.0,1.5,1.0,0.5680577158927917,0,4.0,pregrado,top,0,5,44
65,desarrollador_backend,0.5,0.0,0.0,0.5,0.431835412979126,0,0.0,tecnico,top,0,5,42
66,desarrollador_backend,0.25,0.0,0.5,1.0,0.4565568268299103,0,1.0,pregrado,top,0,4,45
67,desarrollador_backend,0.5,0.5,1.5,1.0,0.5048632621765137,0,4.0,posgrado,top,0,7,50
68,desarrollador_backend,0.5,0.0,0.5,1.0,0.5328441262245178,0,1.0,pregrado,top,0,7,47
69,desarrollador_backend,0.5,0.5,0.5,1.0,0.559462308883667,1,1.0,posgrado,top,0,9,45
70,desarrollador_backend,0.5,0.0,1.5,1.0,0.48509132862091064,0,3.0,pregrado,top,24,7,68
71,desarrollador_backend,1.0,1.0,0.0,1.0,0.5002064108848572,1,0.0,posgrado,top,0,10,45
72,desarrollador_backend,0.0,0.0,0.0,1.0,0.3400230407714844,0,0.0,pregrado,top,0,1,37
73,desarrollador_backend,0.5,0.5,1.0,1.0,0.45393168926239014,1,2.0,pregrado,top,0,8,49
74,desarrollador_backend,1.0,0.25,0.0,1.0,0.5535333752632141,1,0.0,pregrado,top,0,8,55
75,desarrollador_backend,1.0,1.0,0.5,0.0,0.6869339942932129,1,1.0,ninguno,desconocida,0,10,37
76,desarrollador_backend,1.0,0.5,0.0,1.0,0.628244161605835,1,0.0,pregrado,top,0,7,46
77,desarrollador_backend,0.5,0.25,1.0,1.0,0.6051262021064758,0,2.0,pregrado,top,0,8,39
78,desarrollador_backend,0.25,0.0,0.5,1.0,0.4810810685157776,0,1.0,pregrado,top,0,4,38
79,desarrollador_backend,1.0,1.0,1.0,1.0,0.4715040624141693,1,2.0,posgrado,top,0,12,39
80,desarrollador_backend,0.25,0.0,0.5,1.0,0.4728708267211914,0,1.0,pregrado,top,0,3,42
81,desarrollador_backend,0.0,0.0,1.5,0.5,0.4475259482860565,0,4.0,tecnico,top,0,4,47
82,desarrollador_backend,0.25,0.0,0.5,0.5,0.445977121591568,0,1.0,tecnico,top,0,2,38
83,desarrollador_backend,1.0,0.0,1.5,1.0,0.6407593488693237,1,3.0,pregrado,top,0,5,40
84,desarrollador_backend,0.0,0.0,1.5,1.0,0.4484351873397827,0,3.0,posgrado,top,0,4,41
85,desarrollador_backend,0.25,0.0,1.5,0.5,0.5500375032424927,0,3.0,tecnico,top,0,4,39
86,desarrollador_backend,0.5,0.5,1.0,1.0,0.5813281536102295,1,2.0,pregrado,top,0,6,46
87,desarrollador_backend,1.0,0.75,1.5,1.0,0.616861879825592,1,3.0,pregrado,top,0,9,39
88,desarrollador_backend,0.5,0.25,1.0,0.0,0.5595901012420654,0,2.0,ninguno,desconocida,12,5,39
89,desarrollador_backend,0.5,0.0,1.5,0.0,0.5701735019683838,0,3.0,ninguno,desconocida,24,4,39
90,desarrollador_backend,0.5,0.25,1.5,0.5,0.5912432074546814,0,5.0,tecnico,top,0,4,28
91,desarrollador_backend,0.25,0.0,1.0,1.0,0.4291001260280609,0,2.0,posgrado,top,0,5,42
92,desarrollador_backend,1.0,0.5,0.5,1.0,0.5404011011123657,1,1.0,posgrado,top,0,8,43
93,desarrollador_backend,0.5,0.25,1.0,1.0,0.5659992694854736,0,2.0,posgrado,top,0,6,42
94,desarrollador_backend,1.0,0.25,1.5,1.0,0.53174889087677,1,3.0,pregrado,top,0,9,48
95,desarrollador_backend,0.25,0.0,0.5,1.0,0.43152952194213867,0,1.0,posgrado,top,0,5,47
96,desarrollador_backend,1.0,0.75,0.5,1.0,0.5826191306114197,1,1.0,posgrado,top,0,11,39
97,desarrollador_backend,0.5,0.25,0.0,1.0,0.40836820006370544,0,0.0,pregrado,top,0,6,46
98,desarrollador_backend,1.0,0.25,1.5,1.0,0.5420238971710205,1,6.0,pregrado,top,0,8,50
99,desarrollador_backend,0.5,0.25,1.0,1.0,0.3779851198196411,1,2.0,posgrado,top,0,4,32
100,desarrollador_backend,0.5,0.0,0.5,1.0,0.5137085914611816,0,1.0,pregrado,top,0,4,45
101,desarrollador_backend,0.5,0.0,0.0,1.0,0.5597876310348511,0,0.0,pregrado,top,0,5,45
102,desarrollador_backend,0.5,0.0,1.5,1.0,0.5918289422988892,0,3.0,pregrado,top,0,3,41
103,desarrollador_backend,1.0,0.25,0.5,1.0,0.5722346305847168,1,1.0,pregrado,top,0,10,39
104,desarrollador_backend,0.75,0.5,0.0,1.0,0.6606044769287109,1,0.0,pregrado,top,0,6,42
105,desarrollador_backend,1.0,0.5,1.5,1.0,0.6403833627700806,1,3.0,posgrado,top,12,10,66
106,desarrollador_backend,0.5,0.25,0.0,1.0,0.5863126516342163,0,0.0,pregrado,top,0,6,49
107,desarrollador_backend,0.25,0.0,1.5,1.0,0.40237849950790405,0,3.0,pregrado,top,0,2,40
108,desarrollador_backend,0.25,0.0,1.5,1.0,0.518832802772522,0,3.0,pregrado,top,12,4,66
109,desarrollador_backend,1.0,0.5,0.5,1.0,0.5407184362411499,1,1.0,pregrado,top,0,8,47
110,desarrollador_backend,1.0,0.75,0.5,1.0,0.6620982885360718,1,1.0,posgrado,top,0,8,50
111,desarrollador_backend,1.0,0.5,0.0,1.0,0.6701472997665405,1,0.0,pregrado,top,0,8,42
112,desarrollador_backend,0.25,0.0,0.0,1.0,0.6237245798110962,0,0.0,pregrado,top,0,3,39
113,desarrollador_backend,1.0,1.0,1.0,0.5,0.3731633722782135,1,2.0,tecnico,top,0,11,48
114,desarrollador_backend,1.0,0.75,1.5,1.0,0.6058770418167114,1,4.0,posgrado,top,0,10,35
115,desarrollador_backend,0.5,0.25,0.5,1.0,0.5376812815666199,0,1.0,posgrado,top,0,7,36
116,desarrollador_backend,0.25,0.0,0.0,1.0,0.6014664173126221,0,0.0,pregrado,top,0,4,41
117,desarrollador_backend,0.5,0.25,0.5,1.0,0.49067774415016174,0,1.0,pregrado,top,0,6,40
118,desarrollador_backend,0.5,0.0,1.0,1.0,0.46904197335243225,0,2.0,pregrado,top,0,5,38
119,desarrollador_backend,1.0,0.75,1.0,1.0,0.5699058771133423,1,2.0,pregrado,top,0,11,49
120,desarrollador_backend,1.0,0.25,1.0,1.0,0.5635850429534912,1,2.0,pregrado,top,0,9,53
121,desarrollador_backend,0.25,0.0,0.0,0.5,0.5298036336898804,0,0.0,tecnico,top,0,5,42
122,desarrollador_backend,0.5,0.0,1.5,0.0,0.5127700567245483,0,3.0,ninguno,desconocida,0,3,17
123,desarrollador_backend,1.0,0.75,0.5,1.0,0.575351893901825,1,1.0,pregrado,top,0,8,47
124,desarrollador_backend,1.0,0.25,1.5,1.0,0.5640815496444702,1,5.0,pregrado,top,0,8,41
125,desarrollador_backend,1.0,0.5,0.5,1.0,0.5726422667503357,1,1.0,pregrado,top,0,10,46
126,desarrollador_backend,1.0,0.5,1.5,1.0,0.6972075700759888,1,3.0,pregrado,top,24,8,62
127,desarrollador_backend,0.25,0.0,1.5,1.0,0.4303821921348572,0,3.0,pregrado,top,0,5,44
128,desarrollador_backend,0.5,0.0,1.0,1.0,0.39310377836227417,0,2.0,pregrado,top,0,3,32
129,desarrollador_backend,0.5,0.0,0.0,0.5,0.5574156641960144,0,0.0,tecnico,top,0,6,41
130,desarrollador_backend,0.0,0.0,1.5,0.5,0.5362609624862671,0,3.0,tecnico,top,12,5,56
131,desarrollador_backend,1.0,1.0,0.0,1.0,0.612679123878479,1,0.0,pregrado,top,0,10,50
132,desarrollador_backend,1.0,0.5,0.5,1.0,0.5686973333358765,1,1.0,posgrado,top,0,8,44
133,desarrollador_backend,0.5,0.5,0.5,1.0,0.5655224323272705,0,1.0,pregrado,top,0,9,45
134,desarrollador_backend,0.5,0.0,1.5,1.0,0.5882682204246521,0,4.0,pregrado,top,0,6,40
135,desarrollador_backend,1.0,0.5,1.5,1.0,0.6713016033172607,1,3.0,pregrado,top,0,8,48
136,desarrollador_backend,1.0,1.0,0.0,1.0,0.5952397584915161,1,0.0,pregrado,top,0,12,48
137,desarrollador_backend,0.5,0.5,1.5,1.0,0.5947933197021484,1,3.0,posgrado,top,0,5,37
138,desarrollador_backend,1.0,0.25,1.5,1.0,0.6300986409187317,1,3.0,pregrado,top,0,7,40
139,desarrollador_backend,0.5,0.25,0.5,0.5,0.47591346502304077,0,1.0,tecnico,top,0,6,35
140,desarrollador_backend,0.5,0.25,1.0,1.0,0.5356631278991699,0,2.0,pregrado,top,12,7,65
141,desarrollador_backend,1.0,0.75,0.0,1.0,0.6878116726875305,1,0.0,pregrado,top,0,8,46
142,desarrollador_backend,1.0,1.0,1.0,0.5,0.6361451745033264,1,2.0,tecnico,top,0,12,52
143,desarrollador_backend,0.25,0.0,0.5,1.0,0.3597882091999054,0,1.0,pregrado,top,0,3,37
144,desarrollador_backend,1.0,0.5,1.5,1.0,0.653840184211731,1,3.0,pregrado,top,12,7,58
145,desarrollador_backend,1.0,0.25,0.5,0.5,0.6372532248497009,1,1.0,tecnico,top,0,7,41
146,desarrollador_backend,0.5,0.5,0.0,0.5,0.610287070274353,0,0.0,tecnico,top,0,7,41
147,desarrollador_backend,0.25,0.0,1.0,1.0,0.23179084062576294,0,2.0,pregrado,top,0,4,37
148,desarrollador_backend,1.0,0.75,1.0,0.5,0.6475706696510315,1,2.0,tecnico,top,12,9,57
149,desarrollador_backend,0.5,0.25,0.5,1.0,0.5541806221008301,1,1.0,pregrado,top,0,4,38
150,desarrollador_backend,0.5,0.25,0.5,1.0,0.4824446439743042,0,1.0,posgrado,top,0,7,49
151,desarrollador_backend,1.0,0.75,1.5,1.0,0.5200666189193726,1,4.0,posgrado,top,0,10,41
152,desarrollador_backend,0.0,0.0,0.5,1.0,0.44126376509666443,0,1.0,pregrado,top,0,1,35
153,desarrollador_backend,0.5,0.5,0.0,0.5,0.4920863211154938,0,0.0,tecnico,top,0,6,44
154,desarrollador_backend,0.5,0.0,0.5,1.0,0.33125752210617065,0,1.0,posgrado,top,0,4,31
155,desarrollador_backend,0.5,0.25,1.5,1.0,0.5017502903938293,0,4.0,pregrado,top,0,4,33
156,desarrollador_backend,0.5,0.25,0.0,0.5,0.4233319163322449,0,0.0,tecnico,top,0,6,45
157,desarrollador_backend,1.0,1.0,0.5,1.0,0.6175512075424194,1,1.0,pregrado,top,0,9,46
158,desarrollador_backend,0.5,0.25,0.5,0.5,0.4379916787147522,0,1.0,tecnico,top,0,5,40
159,desarrollador_backend,0.25,0.0,1.0,1.0,0.5215051770210266,0,2.0,pregrado,top,0,2,29
160,desarrollador_backend,0.5,0.25,0.0,1.0,0.5542281866073608,0,0.0,pregrado,top,0,6,43
161,desarrollador_frontend,0.5,0.3333333333333333,1.5,1.0,0.3792212903499603,1,2.0,pregrado,top,12,7,55
162,desarrollador_frontend,0.5,0.3333333333333333,1.5,1.0,0.4893617033958435,1,2.0,tecnico,top,0,5,38
163,desarrollador_frontend,0.75,0.3333333333333333,1.0,1.0,0.5445177555084229,0,1.0,tecnico,top,0,7,33
164,desarrollador_frontend,0.0,0.0,0.0,1.0,0.4051316976547241,0,0.0,posgrado,top,0,3,41
165,desarrollador_frontend,1.0,0.6666666666666666,1.0,1.0,0.5275325775146484,1,1.0,pregrado,top,0,9,46
166,desarrollador_frontend,1.0,1.0,1.5,1.0,0.5681851506233215,1,2.0,tecnico,top,0,10,41
167,desarrollador_frontend,0.5,0.0,0.0,1.0,0.3890203833580017,0,0.0,pregrado,top,0,5,49
168,desarrollador_frontend,0.5,0.3333333333333333,0.0,1.0,0.5496264696121216,0,0.0,posgrado,top,0,5,37
169,desarrollador_frontend,0.5,0.0,1.5,1.0,0.572047233581543,0,3.0,pregrado,top,0,6,41
170,desarrollador_frontend,0.5,0.0,1.5,1.0,0.44625917077064514,0,3.0,pregrado,top,0,6,39
171,desarrollador_frontend,1.0,0.6666666666666666,1.5,1.0,0.5262863636016846,1,3.0,pregrado,top,0,10,46
172,desarrollador_frontend,0.0,0.0,0.0,1.0,0.41090214252471924,0,0.0,posgrado,top,0,5,42
173,desarrollador_frontend,1.0,0.3333333333333333,1.0,1.0,0.5501855611801147,1,1.0,tecnico,top,0,8,44
174,desarrollador_frontend,0.5,0.3333333333333333,0.0,1.0,0.6026021838188171,0,0.0,pregrado,top,0,4,40
175,desarrollador_frontend,0.5,0.0,1.0,1.0,0.5399811267852783,0,1.0,pregrado,top,0,5,38
176,desarrollador_frontend,0.5,0.3333333333333333,1.0,1.0,0.5470583438873291,1,1.0,pregrado,top,0,7,38
177,desarrollador_frontend,1.0,0.0,1.0,1.0,0.6161630153656006,1,1.0,pregrado,top,0,8,48
178,desarrollador_frontend,0.5,0.3333333333333333,0.0,1.0,0.6288851499557495,0,0.0,pregrado,top,0,5,47
179,desarrollador_frontend,1.0,0.6666666666666666,1.5,0.0,0.5705231428146362,1,2.0,ninguno,desconocida,0,10,37
180,desarrollador_frontend,0.25,0.0,1.5,1.0,0.4989120364189148,0,4.0,tecnico,top,0,4,36
181,desarrollador_frontend,0.0,0.0,1.0,1.0,0.3877526521682739,0,1.0,posgrado,top,0,3,35
182,desarrollador_frontend,1.0,1.0,0.0,1.0,0.642240047454834,1,0.0,pregrado,top,0,11,54
183,desarrollador_frontend,0.5,0.0,1.5,1.0,0.4412086009979248,1,2.0,tecnico,top,0,5,34
184,desarrollador_frontend,1.0,0.6666666666666666,1.0,1.0,0.6310359239578247,1,1.0,pregrado,top,0,9,44
185,desarrollador_frontend,0.5,0.3333333333333333,0.0,1.0,0.5859859585762024,0,0.0,tecnico,top,0,4,36
186,desarrollador_frontend,0.5,0.0,1.0,1.0,0.511825680732727,0,1.0,pregrado,top,0,5,44
187,desarrollador_frontend,0.25,0.0,1.0,1.0,0.578029453754425,0,1.0,pregrado,top,0,4,31
188,desarrollador_frontend,0.75,0.3333333333333333,1.5,1.0,0.5760228037834167,1,2.0,tecnico,top,12,8,61
189,desarrollador_frontend,0.5,0.0,0.0,1.0,0.5957813858985901,0,0.0,pregrado,top,0,6,43
190,desarrollador_frontend,1.0,1.0,1.5,1.0,0.6931394338607788,1,4.0,pregrado,top,0,10,49
191,desarrollador_frontend,0.5,0.3333333333333333,0.0,1.0,0.46922948956489563,0,0.0,tecnico,top,0,5,41
192,desarrollador_frontend,1.0,0.6666666666666666,1.0,1.0,0.49123531579971313,1,1.0,tecnico,top,0,11,47
193,desarrollador_frontend,1.0,0.3333333333333333,0.0,1.0,0.49360257387161255,1,0.0,pregrado,top,0,8,47
194,desarrollador_frontend,0.5,0.3333333333333333,1.5,1.0,0.558948278427124,0,4.0,pregrado,top,0,8,42
195,desarrollador_frontend,0.5,0.3333333333333333,1.0,1.0,0.6074208617210388,1,1.0,tecnico,top,0,7,44
196,desarrollador_frontend,1.0,0.3333333333333333,1.5,0.0,0.5541245937347412,1,3.0,ninguno,desconocida,12,8,50
197,desarrollador_frontend,0.5,0.3333333333333333,0.0,1.0,0.5260563492774963,0,0.0,tecnico,top,0,5,40
198,desarrollador_frontend,1.0,1.0,0.0,1.0,0.6945300102233887,1,0.0,pregrado,top,0,11,49
199,desarrollador_frontend,0.5,0.0,1.5,1.0,0.4703047275543213,0,5.0,tecnico,top,0,4,48
200,desarrollador_frontend,0.25,0.0,1.5,0.0,0.42810162901878357,0,3.0,ninguno,desconocida,0,5,23
201,desarrollador_frontend,0.5,0.0,1.0,1.0,0.345603346824646,0,1.0,pregrado,top,0,4,36
202,desarrollador_frontend,0.5,0.3333333333333333,0.0,1.0,0.5241763591766357,0,0.0,tecnico,top,0,6,44
203,desarrollador_frontend,1.0,0.3333333333333333,1.0,1.0,0.5059795379638672,1,1.0,tecnico,top,0,7,42
204,desarrollador_frontend,0.5,0.3333333333333333,0.0,1.0,0.561082661151886,0,0.0,posgrado,top,0,6,43
205,desarrollador_frontend,1.0,1.0,1.5,1.0,0.5600429773330688,1,4.0,tecnico,top,12,8,58
206,desarrollador_frontend,1.0,1.0,1.5,1.0,0.5684921145439148,1,4.0,tecnico,top,12,9,65
207,desarrollador_frontend,0.0,0.0,1.5,1.0,0.4913927912712097,0,2.0,pregrado,top,0,3,33
208,desarrollador_frontend,0.5,0.0,1.0,1.0,0.49641862511634827,0,1.0,pregrado,top,0,5,31
209,desarrollador_frontend,0.5,0.3333333333333333,1.5,1.0,0.5033822059631348,0,3.0,pregrado,top,0,7,39
210,desarrollador_frontend,1.0,0.6666666666666666,1.5,1.0,0.5148649215698242,1,2.0,posgrado,top,0,8,43
211,desarrollador_frontend,1.0,1.0,1.0,1.0,0.5950281620025635,1,1.0,pregrado,top,0,8,39
212,desarrollador_frontend,1.0,0.3333333333333333,1.0,1.0,0.5839197635650635,1,1.0,pregrado,top,0,10,50
213,desarrollador_frontend,1.0,0.6666666666666666,1.0,1.0,0.5867322683334351,1,1.0,pregrado,top,0,7,32
214,desarrollador_frontend,0.5,0.0,1.0,1.0,0.4856911301612854,0,1.0,pregrado,top,0,4,40
215,desarrollador_frontend,0.25,0.0,0.0,1.0,0.5262139439582825,0,0.0,posgrado,top,0,5,54
216,desarrollador_frontend,0.5,0.0,1.0,1.0,0.5047478079795837,0,1.0,pregrado,top,0,6,47
217,desarrollador_frontend,0.0,0.0,1.5,0.0,0.5099977254867554,0,3.0,ninguno,desconocida,24,4,38
218,desarrollador_frontend,0.5,0.0,0.0,1.0,0.5018726587295532,0,0.0,posgrado,top,0,4,45
219,desarrollador_frontend,1.0,0.6666666666666666,1.0,1.0,0.548764169216156,1,1.0,pregrado,top,0,10,47
220,desarrollador_frontend,1.0,0.3333333333333333,1.0,1.0,0.5884640216827393,1,1.0,tecnico,top,0,7,48
221,desarrollador_frontend,0.5,0.3333333333333333,1.0,1.0,0.5386906862258911,0,1.0,posgrado,top,0,6,36
222,desarrollador_frontend,1.0,0.6666666666666666,0.0,1.0,0.5830509662628174,1,0.0,posgrado,top,0,9,45
223,desarrollador_frontend,0.0,0.0,1.5,1.0,0.4470352530479431,0,3.0,pregrado,top,0,3,44
224,desarrollador_frontend,0.5,0.3333333333333333,1.0,1.0,0.46935808658599854,1,1.0,pregrado,top,12,6,55
225,desarrollador_frontend,0.5,0.0,0.0,0.0,0.4955856502056122,0,0.0,ninguno,desconocida,0,6,29
226,desarrollador_frontend,0.25,0.0,1.5,1.0,0.3151671886444092,0,5.0,tecnico,top,0,2,28
227,desarrollador_frontend,0.25,0.0,0.0,1.0,0.5987535715103149,0,0.0,posgrado,top,0,5,43
228,desarrollador_frontend,0.5,0.3333333333333333,0.0,1.0,0.6029034852981567,0,0.0,pregrado,top,0,6,39
229,desarrollador_frontend,0.5,0.3333333333333333,0.0,1.0,0.600129246711731,0,0.0,tecnico,top,0,4,37
230,desarrollador_frontend,0.5,0.0,1.5,1.0,0.3773445785045624,0,3.0,pregrado,top,0,5,33
231,desarrollador_frontend,0.25,0.0,1.0,1.0,0.39314281940460205,0,1.0,pregrado,top,0,3,34
232,desarrollador_frontend,0.5,0.0,0.0,1.0,0.44544684886932373,0,0.0,posgrado,top,0,5,47
233,desarrollador_frontend,0.5,0.0,0.0,1.0,0.5828307867050171,0,0.0,pregrado,top,0,4,47
234,desarrollador_frontend,1.0,0.6666666666666666,1.0,1.0,0.3768727481365204,1,1.0,tecnico,top,0,8,41
235,desarrollador_frontend,0.5,0.0,1.5,1.0,0.6128268241882324,0,3.0,pregrado,top,0,4,44
236,desarrollador_frontend,0.5,0.0,0.0,1.0,0.520504355430603,0,0.0,posgrado,top,0,3,39
237,desarrollador_frontend,0.25,0.0,1.5,1.0,0.42260241508483887,0,3.0,pregrado,top,0,4,45
238,desarrollador_frontend,0.5,0.3333333333333333,1.5,1.0,0.4816162586212158,0,2.0,pregrado,top,0,7,42
239,desarrollador_frontend,1.0,0.6666666666666666,1.5,1.0,0.5572828650474548,1,2.0,tecnico,top,12,11,66
240,desarrollador_frontend,0.5,0.0,1.5,0.0,0.39549145102500916,0,4.0,ninguno,desconocida,24,7,47
241,desarrollador_frontend,0.5,0.0,1.0,1.0,0.5698732733726501,0,1.0,posgrado,top,0,4,38
242,desarrollador_frontend,0.5,0.0,1.0,1.0,0.4728944003582001,0,1.0,pregrado,top,0,6,36
243,desarrollador_frontend,0.25,0.0,0.0,1.0,0.44607263803482056,0,0.0,pregrado,top,0,2,31
244,desarrollador_frontend,1.0,0.6666666666666666,0.0,1.0,0.6014671921730042,1,0.0,posgrado,top,0,10,45
245,desarrollador_frontend,1.0,0.6666666666666666,1.0,1.0,0.34409835934638977,1,1.0,pregrado,top,0,9,39
246,desarrollador_frontend,0.25,0.0,0.0,1.0,0.5425086617469788,0,0.0,pregrado,top,0,3,33
247,desarrollador_frontend,1.0,0.3333333333333333,1.5,1.0,0.6231577396392822,1,2.0,pregrado,top,0,7,32
248,desarrollador_frontend,1.0,1.0,0.0,0.0,0.6339284777641296,1,0.0,ninguno,desconocida,0,10,38
249,desarrollador_frontend,0.0,0.0,1.0,1.0,0.47846800088882446,0,1.0,pregrado,top,0,1,30
250,desarrollador_frontend,1.0,0.6666666666666666,1.0,1.0,0.6803511381149292,1,1.0,pregrado,top,0,9,47
251,desarrollador_frontend,0.5,0.3333333333333333,1.5,1.0,0.5384964942932129,1,3.0,pregrado,top,0,5,40
252,desarrollador_frontend,0.5,0.3333333333333333,1.0,1.0,0.5620198249816895,1,1.0,pregrado,top,0,4,43
253,desarrollador_frontend,0.5,0.3333333333333333,1.5,1.0,0.4576752781867981,1,2.0,tecnico,top,12,5,52
254,desarrollador_frontend,0.75,0.3333333333333333,1.5,0.0,0.5705162286758423,0,4.0,ninguno,desconocida,12,5,45
255,desarrollador_frontend,0.5,0.0,1.0,0.0,0.4554707705974579,0,1.0,ninguno,desconocida,0,4,33
256,desarrollador_frontend,1.0,0.6666666666666666,1.0,1.0,0.5894359350204468,1,1.0,tecnico,top,0,9,46
257,desarrollador_frontend,0.0,0.0,1.0,1.0,0.4900645613670349,0,1.0,pregrado,top,0,1,31
258,desarrollador_frontend,0.5,0.0,1.5,1.0,0.49052542448043823,0,2.0,pregrado,top,0,4,40
259,desarrollador_frontend,0.0,0.0,0.0,1.0,0.49360212683677673,0,0.0,tecnico,top,0,3,37
260,desarrollador_frontend,0.5,0.3333333333333333,1.0,1.0,0.6395346522331238,0,1.0,pregrado,top,0,6,46
261,desarrollador_frontend,0.5,0.0,1.0,1.0,0.49259188771247864,0,1.0,pregrado,top,0,5,38
262,desarrollador_frontend,0.5,0.0,1.0,0.0,0.28943881392478943,0,1.0,ninguno,desconocida,12,5,35
263,desarrollador_frontend,0.5,0.3333333333333333,1.0,1.0,0.5041401982307434,1,1.0,pregrado,top,0,7,38
264,desarrollador_frontend,0.5,0.0,1.0,1.0,0.49973803758621216,0,1.0,pregrado,top,0,6,48
265,desarrollador_frontend,0.75,0.3333333333333333,0.0,0.0,0.5717154145240784,0,0.0,ninguno,desconocida,0,7,30
266,desarrollador_frontend,0.0,0.0,0.0,1.0,0.33109408617019653,0,0.0,pregrado,top,0,3,36
267,desarrollador_frontend,0.0,0.0,0.0,1.0,0.5103273391723633,0,0.0,pregrado,top,0,1,29
268,desarrollador_frontend,1.0,0.3333333333333333,0.0,1.0,0.48288780450820923,1,0.0,pregrado,top,0,9,51
269,desarrollador_frontend,1.0,0.6666666666666666,1.5,0.0,0.5865637063980103,1,2.0,ninguno,desconocida,12,11,49
270,desarrollador_frontend,1.0,0.6666666666666666,0.0,1.0,0.6577715277671814,1,0.0,posgrado,top,0,8,36
271,desarrollador_frontend,1.0,0.3333333333333333,1.5,1.0,0.6488938331604004,1,2.0,pregrado,top,0,10,39
272,desarrollador_frontend,1.0,0.6666666666666666,1.0,1.0,0.5861364603042603,1,1.0,pregrado,top,0,8,49
273,desarrollador_frontend,0.5,0.3333333333333333,0.0,1.0,0.5777379274368286,0,0.0,pregrado,top,0,4,43
274,desarrollador_frontend,1.0,0.6666666666666666,1.0,1.0,0.5217605233192444,1,1.0,pregrado,top,0,8,41
275,desarrollador_frontend,0.25,0.0,0.0,1.0,0.42621099948883057,0,0.0,posgrado,top,0,5,46
276,desarrollador_frontend,0.5,0.3333333333333333,0.0,1.0,0.6020194292068481,0,0.0,posgrado,top,0,7,46
277,desarrollador_frontend,1.0,0.3333333333333333,0.0,1.0,0.5432313680648804,1,0.0,tecnico,top,0,9,42
278,desarrollador_frontend,1.0,0.6666666666666666,1.0,1.0,0.5550650954246521,1,1.0,posgrado,top,0,8,37
279,desarrollador_frontend,0.5,0.0,1.5,1.0,0.45100754499435425,0,2.0,pregrado,top,0,5,40
280,desarrollador_frontend,1.0,0.3333333333333333,0.0,0.0,0.6628860235214233,0,0.0,ninguno,desconocida,0,7,31
281,desarrollador_frontend,0.25,0.0,1.0,0.0,0.4924650192260742,0,1.0,ninguno,desconocida,0,3,18
282,desarrollador_frontend,0.0,0.0,0.0,1.0,0.33824002742767334,0,0.0,tecnico,top,0,2,34
283,desarrollador_frontend,1.0,1.0,0.0,1.0,0.5958520174026489,1,0.0,tecnico,top,0,10,47
284,desarrollador_frontend,0.5,0.0,1.0,1.0,0.48318004608154297,0,1.0,tecnico,top,0,7,35
285,desarrollador_frontend,0.75,0.3333333333333333,0.0,1.0,0.6399831771850586,0,0.0,tecnico,top,0,9,43
286,desarrollador_frontend,0.5,0.3333333333333333,0.0,1.0,0.619743824005127,0,0.0,pregrado,top,0,5,36
287,desarrollador_frontend,0.5,0.0,0.0,1.0,0.5581622123718262,0,0.0,pregrado,top,0,5,46
288,desarrollador_frontend,0.5,0.3333333333333333,1.5,1.0,0.5950391292572021,1,4.0,pregrado,top,0,4,41
289,desarrollador_frontend,1.0,1.0,1.5,0.0,0.6547893285751343,1,2.0,ninguno,desconocida,0,8,32
290,desarrollador_frontend,0.0,0.0,0.0,1.0,0.43486878275871277,0,0.0,pregrado,top,0,2,35
291,desarrollador_frontend,1.0,1.0,1.0,1.0,0.5336880087852478,1,1.0,tecnico,top,0,10,47
292,desarrollador_frontend,0.0,0.0,1.5,1.0,0.3905037045478821,0,3.0,pregrado,top,0,4,49
293,desarrollador_frontend,0.25,0.0,1.0,1.0,0.47791463136672974,0,1.0,posgrado,top,0,2,32
294,desarrollador_frontend,1.0,0.3333333333333333,1.0,1.0,0.5531784892082214,1,1.0,posgrado,top,0,7,47
295,desarrollador_frontend,0.5,0.0,0.0,1.0,0.5110807418823242,0,0.0,pregrado,top,0,4,34
296,desarrollador_frontend,1.0,0.3333333333333333,1.0,1.0,0.6571514010429382,1,1.0,pregrado,top,0,7,43
297,desarrollador_frontend,0.0,0.0,1.0,1.0,0.40280601382255554,0,1.0,posgrado,top,0,3,36
298,desarrollador_frontend,0.5,0.3333333333333333,1.0,1.0,0.47137075662612915,1,1.0,tecnico,top,0,7,35
299,desarrollador_frontend,0.25,0.0,0.0,0.0,0.5533269047737122,0,0.0,ninguno,desconocida,0,4,27
300,desarrollador_frontend,0.5,0.0,0.0,1.0,0.5809180736541748,0,0.0,pregrado,top,0,4,34
301,desarrollador_frontend,0.5,0.0,1.0,1.0,0.5244083404541016,0,1.0,pregrado,top,24,3,39
302,desarrollador_frontend,0.5,0.3333333333333333,1.0,1.0,0.362568199634552,0,1.0,posgrado,top,0,5,41
303,desarrollador_frontend,0.5,0.3333333333333333,1.0,1.0,0.6203025579452515,1,1.0,pregrado,top,0,5,47
304,desarrollador_frontend,1.0,1.0,0.0,1.0,0.5209557414054871,1,0.0,posgrado,top,0,8,43
305,desarrollador_frontend,1.0,0.3333333333333333,1.0,1.0,0.5224916934967041,1,1.0,posgrado,top,0,9,32
306,desarrollador_frontend,0.5,0.0,1.0,1.0,0.22330352663993835,0,1.0,tecnico,top,0,4,36
307,desarrollador_frontend,0.5,0.3333333333333333,1.5,1.0,0.4714939594268799,0,2.0,posgrado,top,0,5,34
308,desarrollador_frontend,0.0,0.0,0.0,1.0,0.41575318574905396,0,0.0,tecnico,top,0,3,36
309,desarrollador_frontend,0.25,0.0,1.0,1.0,0.32735729217529297,0,1.0,pregrado,top,0,3,40
310,desarrollador_frontend,1.0,0.6666666666666666,0.0,1.0,0.6250424981117249,1,0.0,posgrado,top,0,7,43
311,desarrollador_frontend,0.5,0.3333333333333333,0.0,1.0,0.5795285105705261,0,0.0,pregrado,top,0,5,50
312,desarrollador_frontend,1.0,1.0,0.0,1.0,0.6037985682487488,1,0.0,pregrado,top,0,8,46
313,desarrollador_frontend,1.0,0.6666666666666666,1.5,1.0,0.4808580279350281,1,2.0,pregrado,top,0,9,39
314,desarrollador_frontend,1.0,0.3333333333333333,1.0,1.0,0.6220714449882507,1,1.0,posgrado,top,0,7,44
315,desarrollador_frontend,1.0,0.6666666666666666,0.0,0.0,0.5911250114440918,0,0.0,ninguno,desconocida,0,8,32
316,desarrollador_frontend,1.0,1.0,1.5,1.0,0.5487698912620544,1,2.0,pregrado,top,0,11,43
317,desarrollador_frontend,0.25,0.0,1.0,1.0,0.41304636001586914,0,1.0,pregrado,top,0,4,29
318,desarrollador_frontend,1.0,0.6666666666666666,1.0,1.0,0.34578973054885864,1,1.0,tecnico,top,0,8,40
319,desarrollador_frontend,0.25,0.0,1.0,1.0,0.5005494952201843,0,1.0,posgrado,top,0,2,36
320,desarrollador_frontend,1.0,1.0,0.0,1.0,0.48709410429000854,1,0.0,pregrado,top,0,10,51
321,analista_datos,1.0,1.0,1.0,0.0,0.660507321357727,1,1.0,ninguno,desconocida,24,9,43
322,analista_datos,0.3333333333333333,0.0,1.5,0.5,0.42419204115867615,0,3.0,tecnico,top,0,4,34
323,analista_datos,0.3333333333333333,0.5,0.0,1.0,0.3697846531867981,0,0.0,pregrado,top,0,6,42
324,analista_datos,0.3333333333333333,0.0,1.5,1.0,0.442631334066391,0,2.0,pregrado,top,0,2,38
325,analista_datos,0.3333333333333333,0.0,0.0,1.0,0.48140180110931396,0,0.0,pregrado,top,0,2,37
326,analista_datos,0.3333333333333333,0.0,1.0,1.0,0.33844271302223206,0,1.0,pregrado,top,0,4,35
327,analista_datos,0.3333333333333333,0.5,1.5,1.0,0.5745900869369507,0,2.0,pregrado,top,0,5,42
328,analista_datos,0.3333333333333333,0.25,1.5,1.0,0.43562713265419006,0,4.0,posgrado,top,12,7,68
329,analista_datos,0.3333333333333333,0.0,0.0,1.0,0.6214605569839478,0,0.0,pregrado,top,0,3,38
330,analista_datos,1.0,0.25,1.0,1.0,0.4824013113975525,1,1.0,pregrado,top,0,4,35
331,analista_datos,0.3333333333333333,0.0,1.0,1.0,0.5481041073799133,0,1.0,pregrado,top,0,2,31
332,analista_datos,1.0,0.75,1.0,0.5,0.5399472117424011,1,1.0,tecnico,top,0,7,39
333,analista_datos,1.0,1.0,1.0,0.5,0.5039334297180176,1,1.0,tecnico,top,0,9,49
334,analista_datos,0.3333333333333333,0.0,1.0,0.5,0.379597544670105,0,1.0,tecnico,top,0,4,25
335,analista_datos,0.3333333333333333,0.0,0.0,1.0,0.4970874786376953,0,0.0,pregrado,top,0,2,33
336,analista_datos,1.0,0.75,0.0,1.0,0.6138677000999451,1,0.0,posgrado,top,0,9,47
337,analista_datos,0.3333333333333333,0.5,0.0,1.0,0.5896996855735779,0,0.0,posgrado,top,0,4,44
338,analista_datos,1.0,0.5,1.0,1.0,0.6319842338562012,1,1.0,pregrado,top,0,8,48
339,analista_datos,0.3333333333333333,0.0,1.5,1.0,0.5876001119613647,0,3.0,pregrado,top,12,4,50
340,analista_datos,0.3333333333333333,0.0,1.0,1.0,0.24876298010349274,0,1.0,pregrado,top,0,2,32
341,analista_datos,1.0,0.25,1.0,1.0,0.629252016544342,1,1.0,pregrado,top,0,9,38
342,analista_datos,0.0,0.0,1.5,1.0,0.3046253025531769,0,4.0,posgrado,top,12,4,53
343,analista_datos,0.3333333333333333,0.25,1.0,1.0,0.24574053287506104,0,1.0,pregrado,top,0,3,32
344,analista_datos,0.3333333333333333,0.0,1.0,1.0,0.41178134083747864,0,1.0,pregrado,top,0,5,44
345,analista_datos,1.0,0.75,1.0,1.0,0.5173233151435852,1,1.0,pregrado,top,0,9,43
346,analista_datos,0.3333333333333333,0.5,0.0,1.0,0.5383853316307068,0,0.0,posgrado,top,0,7,40
347,analista_datos,0.3333333333333333,0.0,0.0,0.5,0.403598427772522,0,0.0,tecnico,top,0,6,44
348,analista_datos,1.0,0.5,1.5,1.0,0.5759046077728271,1,2.0,posgrado,top,0,8,44
349,analista_datos,0.3333333333333333,0.25,1.0,0.5,0.4682140350341797,0,1.0,tecnico,top,0,6,35
350,analista_datos,0.3333333333333333,0.5,1.5,1.0,0.3492423892021179,1,2.0,pregrado,top,24,6,66
351,analista_datos,1.0,0.75,0.0,1.0,0.6154795289039612,1,0.0,pregrado,top,0,8,48
352,analista_datos,1.0,0.25,1.0,0.0,0.5046036243438721,1,1.0,ninguno,desconocida,0,5,26
353,analista_datos,0.3333333333333333,0.0,1.5,1.0,0.3873535692691803,0,4.0,pregrado,top,0,4,33
354,analista_datos,0.3333333333333333,0.25,1.0,1.0,0.47378015518188477,0,1.0,pregrado,top,0,5,36
355,analista_datos,1.0,0.75,1.5,1.0,0.5751285552978516,1,3.0,pregrado,top,0,7,50
356,analista_datos,1.0,1.0,1.0,1.0,0.5615404844284058,1,1.0,pregrado,top,0,11,43
357,analista_datos,0.3333333333333333,0.0,0.0,1.0,0.315940797328949,0,0.0,pregrado,top,0,4,43
358,analista_datos,0.3333333333333333,0.5,0.0,1.0,0.5238341689109802,0,0.0,posgrado,top,0,7,47
359,analista_datos,0.0,0.0,0.0,1.0,0.3678973317146301,0,0.0,pregrado,top,0,4,38
360,analista_datos,0.3333333333333333,0.25,1.5,1.0,0.5336857438087463,0,3.0,pregrado,top,0,3,43
361,analista_datos,1.0,1.0,1.0,0.0,0.5932969450950623,1,1.0,ninguno,desconocida,0,9,34
362,analista_datos,0.0,0.0,1.0,1.0,0.36217600107192993,0,1.0,posgrado,top,0,5,38
363,analista_datos,1.0,0.25,1.5,0.0,0.49932414293289185,1,5.0,ninguno,desconocida,0,6,22
364,analista_datos,0.3333333333333333,0.25,1.0,0.5,0.4495731592178345,0,1.0,tecnico,top,0,4,39
365,analista_datos,1.0,1.0,0.0,1.0,0.4863842725753784,1,0.0,pregrado,top,0,8,44
366,analista_datos,0.3333333333333333,0.5,1.5,0.5,0.6932826042175293,0,4.0,tecnico,top,0,5,38
367,analista_datos,1.0,1.0,1.0,1.0,0.6873107552528381,1,1.0,posgrado,top,0,9,46
368,analista_datos,0.3333333333333333,0.0,1.5,0.5,0.48658519983291626,0,5.0,tecnico,top,0,5,38
369,analista_datos,0.3333333333333333,0.0,1.5,1.0,0.5535565614700317,0,2.0,posgrado,top,24,3,52
370,analista_datos,1.0,0.75,1.0,1.0,0.6793017387390137,1,1.0,pregrado,top,0,10,42
371,analista_datos,0.3333333333333333,0.5,0.0,0.5,0.5712734460830688,0,0.0,tecnico,top,0,4,40
372,analista_datos,0.0,0.0,1.5,1.0,0.3878694176673889,0,2.0,pregrado,top,0,2,38
373,analista_datos,1.0,0.25,0.0,1.0,0.5242637395858765,1,0.0,pregrado,top,0,9,41
374,analista_datos,0.3333333333333333,0.0,1.0,1.0,0.412668913602829,1,1.0,posgrado,top,0,3,30
375,analista_datos,1.0,0.5,1.5,1.0,0.5877771973609924,1,2.0,pregrado,top,24,7,62
376,analista_datos,0.3333333333333333,0.0,0.0,1.0,0.31702619791030884,0,0.0,pregrado,top,0,3,36
377,analista_datos,0.3333333333333333,0.5,1.5,1.0,0.48105600476264954,0,2.0,pregrado,top,0,6,45
378,analista_datos,0.3333333333333333,0.0,1.0,1.0,0.5693519115447998,0,1.0,pregrado,top,0,4,30
379,analista_datos,1.0,0.75,1.5,1.0,0.6250298023223877,1,2.0,pregrado,top,0,10,47
380,analista_datos,1.0,0.75,1.0,1.0,0.5109539031982422,1,1.0,pregrado,top,0,10,40
381,analista_datos,1.0,0.5,0.0,0.0,0.54366135597229,0,0.0,ninguno,desconocida,0,8,34
382,analista_datos,1.0,1.0,1.0,1.0,0.5959131717681885,1,1.0,pregrado,top,0,8,45
383,analista_datos,0.0,0.0,1.0,0.5,0.1784186065196991,0,1.0,tecnico,top,24,1,31
384,analista_datos,0.3333333333333333,0.25,1.0,1.0,0.21133601665496826,0,1.0,posgrado,top,0,3,36
385,analista_datos,0.3333333333333333,0.5,1.0,1.0,0.4742317497730255,0,1.0,pregrado,top,0,7,39
386,analista_datos,0.3333333333333333,0.0,1.5,1.0,0.4356130063533783,0,2.0,pregrado,top,24,5,63
387,analista_datos,1.0,0.25,1.0,1.0,0.4724828004837036,1,1.0,pregrado,top,0,6,47
388,analista_datos,0.3333333333333333,0.5,1.5,0.0,0.48682740330696106,0,2.0,ninguno,desconocida,0,4,28
389,analista_datos,1.0,0.5,0.0,1.0,0.48232683539390564,1,0.0,pregrado,top,0,6,46
390,analista_datos,0.3333333333333333,0.0,1.5,0.5,0.4434000253677368,0,3.0,tecnico,top,0,2,33
391,analista_datos,0.3333333333333333,0.25,1.0,1.0,0.33553028106689453,0,1.0,pregrado,top,0,6,49
392,analista_datos,1.0,0.75,0.0,0.5,0.5891037583351135,1,0.0,tecnico,top,0,11,40
393,analista_datos,0.3333333333333333,0.0,0.0,0.5,0.556334376335144,0,0.0,tecnico,top,0,2,29
394,analista_datos,0.3333333333333333,0.0,1.0,1.0,0.36776861548423767,0,1.0,posgrado,top,0,4,33
395,analista_datos,0.3333333333333333,0.0,0.0,1.0,0.295651912689209,0,0.0,pregrado,top,0,5,52
396,analista_datos,0.3333333333333333,0.0,0.0,1.0,0.3904591202735901,0,0.0,pregrado,top,0,5,45
397,analista_datos,0.0,0.0,1.5,1.0,0.38775187730789185,0,2.0,posgrado,top,0,2,36
398,analista_datos,1.0,0.5,1.0,1.0,0.6098003387451172,1,1.0,pregrado,top,0,9,49
399,analista_datos,0.3333333333333333,0.25,0.0,0.5,0.5666051506996155,0,0.0,tecnico,top,0,4,39
400,analista_datos,0.3333333333333333,0.0,0.0,1.0,0.4752427637577057,0,0.0,pregrado,top,0,5,38
401,analista_datos,1.0,0.25,1.5,1.0,0.5120519399642944,1,3.0,pregrado,top,0,8,50
402,analista_datos,0.3333333333333333,0.25,1.0,0.5,0.4309004843235016,0,1.0,tecnico,top,0,6,44
403,analista_datos,1.0,0.25,0.0,0.0,0.5401711463928223,0,0.0,ninguno,desconocida,0,8,37
404,analista_datos,1.0,0.5,1.5,0.5,0.5278784036636353,1,3.0,tecnico,top,24,7,62
405,analista_datos,0.3333333333333333,0.5,1.0,1.0,0.36094731092453003,0,1.0,pregrado,top,0,7,41
406,analista_datos,0.3333333333333333,0.5,0.0,1.0,0.679145097732544,0,0.0,posgrado,top,0,5,42
407,analista_datos,0.3333333333333333,0.5,1.5,1.0,0.4173568785190582,0,3.0,pregrado,top,0,6,39
408,analista_datos,0.3333333333333333,0.0,1.0,0.0,0.5324536561965942,0,1.0,ninguno,desconocida,0,3,14
409,analista_datos,0.3333333333333333,0.0,1.0,0.5,0.45643675327301025,0,1.0,tecnico,top,0,2,33
410,analista_datos,0.3333333333333333,0.5,1.5,0.5,0.5019850134849548,0,2.0,tecnico,top,0,6,37
411,analista_datos,0.3333333333333333,0.25,0.0,1.0,0.6329328417778015,0,0.0,pregrado,top,0,4,37
412,analista_datos,0.3333333333333333,0.0,0.0,1.0,0.4264827370643616,0,0.0,pregrado,top,0,2,37
413,analista_datos,0.3333333333333333,0.25,1.5,0.5,0.45186030864715576,0,2.0,tecnico,top,12,4,60
414,analista_datos,0.3333333333333333,0.5,1.5,1.0,0.50705486536026,0,3.0,pregrado,top,0,4,44
415,analista_datos,1.0,1.0,1.0,1.0,0.4545004069805145,1,1.0,posgrado,top,0,9,37
416,analista_datos,0.3333333333333333,0.5,0.0,1.0,0.5357611775398254,0,0.0,posgrado,top,0,7,54
417,analista_datos,0.3333333333333333,0.0,0.0,0.5,0.5632537007331848,0,0.0,tecnico,top,0,2,34
418,analista_datos,0.3333333333333333,0.25,1.0,1.0,0.5522887110710144,0,1.0,pregrado,top,0,5,36
419,analista_datos,1.0,0.5,0.0,1.0,0.6484137773513794,1,0.0,pregrado,top,0,9,40
420,analista_datos,1.0,0.5,1.5,1.0,0.6168150901794434,1,3.0,posgrado,top,0,8,51
421,analista_datos,1.0,1.0,1.5,0.0,0.5732495784759521,1,2.0,ninguno,desconocida,24,10,50
422,analista_datos,1.0,0.75,1.0,0.5,0.34205394983291626,1,1.0,tecnico,top,0,8,37
423,analista_datos,1.0,0.25,0.0,1.0,0.5042862296104431,1,0.0,pregrado,top,0,7,46
424,analista_datos,1.0,0.25,1.5,1.0,0.5930840969085693,1,2.0,posgrado,top,24,6,63
425,analista_datos,1.0,1.0,1.5,1.0,0.5315704941749573,1,2.0,posgrado,top,0,8,36
426,analista_datos,0.0,0.0,0.0,1.0,0.3384959101676941,0,0.0,pregrado,top,0,4,45
427,analista_datos,0.3333333333333333,0.5,0.0,1.0,0.5580768585205078,0,0.0,posgrado,top,0,4,43
428,analista_datos,1.0,1.0,1.0,0.5,0.4274928569793701,1,1.0,tecnico,top,0,9,39
429,analista_datos,1.0,0.75,1.0,0.5,0.551352858543396,1,1.0,tecnico,top,12,8,51
430,analista_datos,0.3333333333333333,0.5,1.5,1.0,0.5425131916999817,0,2.0,posgrado,top,0,6,45
431,analista_datos,0.3333333333333333,0.5,0.0,0.0,0.629996657371521,0,0.0,ninguno,desconocida,0,5,33
432,analista_datos,0.3333333333333333,0.0,0.0,1.0,0.3860117793083191,0,0.0,pregrado,top,0,3,45
433,analista_datos,0.3333333333333333,0.5,0.0,1.0,0.48576492071151733,0,0.0,pregrado,top,0,7,39
434,analista_datos,0.3333333333333333,0.5,1.0,0.5,0.42028191685676575,0,1.0,tecnico,top,0,6,39
435,analista_datos,0.3333333333333333,0.5,1.0,1.0,0.577987790107727,0,1.0,pregrado,top,0,7,47
436,analista_datos,0.3333333333333333,0.0,0.0,0.5,0.48866766691207886,0,0.0,tecnico,top,0,5,43
437,analista_datos,1.0,0.25,0.0,0.5,0.6041854619979858,0,0.0,tecnico,top,0,8,42
438,analista_datos,1.0,0.5,0.0,1.0,0.7046985626220703,1,0.0,posgrado,top,0,8,44
439,analista_datos,0.0,0.0,0.0,0.0,0.3210986852645874,0,0.0,ninguno,desconocida,0,3,26
440,analista_datos,1.0,0.5,1.0,1.0,0.6394128799438477,1,1.0,pregrado,top,0,7,43
441,analista_datos,0.0,0.0,1.0,1.0,0.5326201915740967,0,1.0,posgrado,top,12,3,43
442,analista_datos,0.3333333333333333,0.5,0.0,0.0,0.4148145318031311,0,0.0,ninguno,desconocida,0,7,29
443,analista_datos,0.3333333333333333,0.0,0.0,1.0,0.5263875722885132,0,0.0,pregrado,top,0,4,42
444,analista_datos,1.0,0.25,1.5,1.0,0.631537914276123,1,2.0,pregrado,top,0,4,37
445,analista_datos,0.3333333333333333,0.25,1.0,1.0,0.341585636138916,0,1.0,posgrado,top,0,3,26
446,analista_datos,1.0,0.25,0.0,1.0,0.5579593181610107,1,0.0,pregrado,top,0,7,43
447,analista_datos,1.0,0.5,1.0,1.0,0.5516580939292908,1,1.0,pregrado,top,0,8,48
448,analista_datos,0.3333333333333333,0.0,0.0,1.0,0.40756285190582275,0,0.0,posgrado,top,0,5,44
449,analista_datos,0.3333333333333333,0.25,1.0,0.5,0.5449527502059937,0,1.0,tecnico,top,0,4,46
450,analista_datos,1.0,0.5,0.0,1.0,0.49625107645988464,1,0.0,posgrado,top,0,6,43
451,analista_datos,0.3333333333333333,0.5,0.0,1.0,0.4908372461795807,0,0.0,pregrado,top,0,6,48
452,analista_datos,1.0,0.5,0.0,0.5,0.6960994005203247,1,0.0,tecnico,top,0,5,45
453,analista_datos,0.3333333333333333,0.5,1.5,1.0,0.4939911365509033,1,2.0,pregrado,top,12,4,59
454,analista_datos,0.3333333333333333,0.0,1.0,1.0,0.3822646141052246,0,1.0,pregrado,top,0,4,35
455,analista_datos,0.3333333333333333,0.0,0.0,1.0,0.49164044857025146,0,0.0,pregrado,top,0,2,37
456,analista_datos,1.0,0.75,1.0,1.0,0.39674311876296997,1,1.0,pregrado,top,0,8,43
457,analista_datos,0.3333333333333333,0.0,1.0,1.0,0.3708072900772095,0,1.0,pregrado,top,0,5,35
458,analista_datos,0.3333333333333333,0.5,0.0,0.0,0.47105616331100464,0,0.0,ninguno,desconocida,0,5,29
459,analista_datos,1.0,0.5,0.0,0.5,0.6816666126251221,1,0.0,tecnico,top,0,9,43
460,analista_datos,0.3333333333333333,0.25,0.0,1.0,0.5019153356552124,0,0.0,pregrado,top,0,7,48
461,analista_datos,0.3333333333333333,0.25,1.0,1.0,0.5095037817955017,0,1.0,pregrado,top,0,6,51
462,analista_datos,1.0,0.25,1.0,1.0,0.41702669858932495,1,1.0,pregrado,top,0,8,39
463,analista_datos,0.3333333333333333,0.0,0.0,0.0,0.42304471135139465,0,0.0,ninguno,desconocida,0,3,23
464,analista_datos,0.3333333333333333,0.0,1.5,1.0,0.47805729508399963,0,2.0,pregrado,top,0,4,42
465,analista_datos,0.3333333333333333,0.0,1.0,1.0,0.4360530972480774,0,1.0,posgrado,top,0,4,41
466,analista_datos,0.3333333333333333,0.0,0.0,1.0,0.47492051124572754,0,0.0,pregrado,top,0,6,42
467,analista_datos,0.3333333333333333,0.25,1.5,0.5,0.48707151412963867,0,3.0,tecnico,top,0,6,41
468,analista_datos,1.0,0.25,1.5,1.0,0.6294756531715393,1,4.0,pregrado,top,12,8,67
469,analista_datos,0.3333333333333333,0.0,0.0,1.0,0.5160980820655823,0,0.0,pregrado,top,0,4,40
470,analista_datos,1.0,1.0,1.5,1.0,0.6745668649673462,1,2.0,pregrado,top,12,9,62
471,analista_datos,1.0,0.75,0.0,1.0,0.6278000473976135,1,0.0,posgrado,top,0,7,47
472,analista_datos,0.0,0.0,1.0,1.0,0.24898585677146912,0,1.0,pregrado,top,0,2,26
473,analista_datos,1.0,1.0,0.0,1.0,0.5589255094528198,1,0.0,pregrado,top,0,8,46
474,analista_datos,0.3333333333333333,0.5,1.5,1.0,0.4982876181602478,1,2.0,posgrado,top,0,5,44
475,analista_datos,0.0,0.0,1.5,0.5,0.3244760036468506,0,2.0,tecnico,top,0,1,26
476,analista_datos,0.3333333333333333,0.0,1.0,1.0,0.4342944025993347,0,1.0,pregrado,top,12,3,40
477,analista_datos,0.3333333333333333,0.25,1.5,1.0,0.3767198324203491,0,3.0,pregrado,top,0,3,38
478,analista_datos,0.3333333333333333,0.0,1.0,0.5,0.2982146143913269,0,1.0,tecnico,top,0,3,30
479,analista_datos,0.3333333333333333,0.0,0.0,0.5,0.4640876054763794,0,0.0,tecnico,top,0,3,36
480,analista_datos,0.3333333333333333,0.0,0.0,1.0,0.3730071187019348,0,0.0,posgrado,top,0,4,38
481,cientifico_datos,0.5,0.25,0.5,0.3333333333333333,0.42245733737945557,0,1.0,tecnico,top,0,6,37
482,cientifico_datos,0.5,0.25,1.0,0.0,0.5307264924049377,0,2.0,ninguno,desconocida,0,7,28
483,cientifico_datos,0.25,0.0,1.5,0.3333333333333333,0.38126522302627563,0,3.0,tecnico,top,0,5,36
484,cientifico_datos,0.5,0.5,1.5,0.6666666666666666,0.6147817373275757,0,4.0,pregrado,top,0,5,49
485,cientifico_datos,0.25,0.5,0.0,1.0,0.5036592483520508,0,0.0,posgrado,top,0,5,44
486,cientifico_datos,1.0,1.0,1.5,0.6666666666666666,0.6212270259857178,1,7.0,pregrado,top,0,11,42
487,cientifico_datos,0.25,0.0,1.0,0.3333333333333333,0.3805482089519501,0,2.0,tecnico,top,12,4,64
488,cientifico_datos,0.0,0.0,1.0,0.6666666666666666,0.30222827196121216,0,2.0,pregrado,top,0,2,39
489,cientifico_datos,0.5,0.25,1.0,0.6666666666666666,0.42184963822364807,0,2.0,pregrado,top,0,5,51
490,cientifico_datos,0.25,0.0,1.5,1.0,0.35656875371932983,0,4.0,posgrado,top,0,5,40
491,cientifico_datos,0.0,0.0,1.5,0.6666666666666666,0.2886199355125427,0,5.0,pregrado,top,0,2,36
492,cientifico_datos,1.0,0.75,1.5,1.0,0.6447412371635437,1,3.0,posgrado,top,0,10,46
493,cientifico_datos,0.0,0.0,1.0,1.0,0.29687416553497314,0,2.0,posgrado,top,0,2,39
494,cientifico_datos,0.75,1.0,1.5,0.3333333333333333,0.5824874639511108,1,4.0,tecnico,top,0,12,51
495,cientifico_datos,0.0,0.0,1.5,1.0,0.22971002757549286,0,3.0,posgrado,top,0,1,36
496,cientifico_datos,1.0,1.0,0.5,0.6666666666666666,0.6151108741760254,1,1.0,pregrado,top,0,9,52
497,cientifico_datos,0.75,0.5,0.5,0.6666666666666666,0.5771278738975525,0,1.0,pregrado,top,0,7,45
498,cientifico_datos,0.5,0.5,1.0,0.6666666666666666,0.46876460313796997,0,2.0,pregrado,top,12,9,60
499,cientifico_datos,0.0,0.0,0.0,0.6666666666666666,0.36458832025527954,0,0.0,pregrado,top,0,4,41
500,cientifico_datos,0.5,0.0,1.5,0.6666666666666666,0.473982036113739,0,3.0,pregrado,top,0,3,45
501,cientifico_datos,0.5,0.0,0.5,0.6666666666666666,0.48756110668182373,0,1.0,pregrado,top,0,2,32
502,cientifico_datos,0.25,0.0,0.5,1.0,0.39580804109573364,0,1.0,posgrado,top,0,5,41
503,cientifico_datos,0.75,0.25,0.5,0.6666666666666666,0.6159353852272034,0,1.0,pregrado,top,0,6,36
504,cientifico_datos,0.75,1.0,0.5,1.0,0.594318687915802,1,1.0,posgrado,top,0,10,49
505,cientifico_datos,1.0,0.5,0.5,0.6666666666666666,0.6303769946098328,1,1.0,pregrado,top,0,8,39
506,cientifico_datos,1.0,0.75,1.5,0.6666666666666666,0.6359755992889404,1,5.0,pregrado,top,0,10,42
507,cientifico_datos,0.5,0.0,0.5,0.6666666666666666,0.32906413078308105,0,1.0,pregrado,top,0,6,36
508,cientifico_datos,0.5,0.0,1.5,0.6666666666666666,0.5683063268661499,0,4.0,pregrado,top,0,5,42
509,cientifico_datos,1.0,0.25,1.5,0.6666666666666666,0.41862809658050537,1,4.0,pregrado,top,0,7,36
510,cientifico_datos,0.5,0.5,0.5,0.3333333333333333,0.5778018236160278,0,1.0,tecnico,top,0,6,35
511,cientifico_datos,0.5,0.25,0.5,0.6666666666666666,0.49294131994247437,0,1.0,pregrado,top,0,5,49
512,cientifico_datos,1.0,1.0,1.5,0.3333333333333333,0.6851754784584045,1,5.0,tecnico,top,12,10,63
513,cientifico_datos,1.0,0.25,1.5,0.6666666666666666,0.37782716751098633,1,3.0,pregrado,top,0,9,52
514,cientifico_datos,0.5,0.25,1.0,0.6666666666666666,0.4914928376674652,0,2.0,pregrado,top,0,5,44
515,cientifico_datos,0.0,0.0,0.5,0.3333333333333333,0.0975339412689209,0,1.0,tecnico,top,0,3,28
516,cientifico_datos,0.5,0.25,0.0,1.0,0.4963549077510834,0,0.0,posgrado,top,0,7,42
517,cientifico_datos,1.0,0.5,0.5,0.6666666666666666,0.4880925416946411,1,1.0,pregrado,top,0,7,43
518,cientifico_datos,0.5,0.0,1.5,0.6666666666666666,0.3661509156227112,0,3.0,pregrado,top,0,5,32
519,cientifico_datos,0.25,0.0,0.5,1.0,0.3515057861804962,0,1.0,posgrado,top,0,2,33
520,cientifico_datos,0.25,0.25,0.0,0.3333333333333333,0.38363194465637207,0,0.0,tecnico,top,0,6,40
521,cientifico_datos,0.5,0.25,0.5,0.3333333333333333,0.47077643871307373,0,1.0,tecnico,top,0,5,33
522,cientifico_datos,0.5,0.25,1.0,0.6666666666666666,0.5507161617279053,0,2.0,pregrado,top,0,5,40
523,cientifico_datos,0.75,1.0,1.5,1.0,0.5905300378799438,1,3.0,posgrado,top,0,12,55
524,cientifico_datos,0.0,0.0,1.5,0.6666666666666666,0.30549123883247375,0,3.0,pregrado,top,0,3,34
525,cientifico_datos,1.0,1.0,1.5,0.0,0.5668129920959473,1,3.0,ninguno,desconocida,0,9,38
526,cientifico_datos,0.75,0.25,0.5,0.3333333333333333,0.6719788312911987,0,1.0,tecnico,top,0,6,43
527,cientifico_datos,0.5,0.5,1.5,0.6666666666666666,0.5752179622650146,1,3.0,pregrado,top,0,7,47
528,cientifico_datos,0.25,0.25,0.0,1.0,0.5417697429656982,0,0.0,posgrado,top,0,5,39
529,cientifico_datos,0.75,0.25,0.5,1.0,0.5772854685783386,1,1.0,posgrado,top,0,7,42
530,cientifico_datos,0.5,0.25,1.0,0.6666666666666666,0.524196207523346,0,2.0,pregrado,top,0,5,42
531,cientifico_datos,0.5,0.5,1.0,0.6666666666666666,0.5763499736785889,0,2.0,pregrado,top,0,9,40
532,cientifico_datos,0.5,0.5,1.5,0.6666666666666666,0.33273133635520935,1,4.0,pregrado,top,12,8,59
533,cientifico_datos,0.5,0.5,0.0,0.0,0.5637040734291077,0,0.0,ninguno,desconocida,0,7,36
534,cientifico_datos,1.0,1.0,0.5,1.0,0.5191683769226074,1,1.0,posgrado,top,0,10,36
535,cientifico_datos,0.0,0.0,0.0,0.3333333333333333,0.3272550702095032,0,0.0,tecnico,top,0,1,32
536,cientifico_datos,0.0,0.0,1.0,0.3333333333333333,0.23266492784023285,0,2.0,tecnico,top,0,3,34
537,cientifico_datos,0.5,0.25,1.0,0.6666666666666666,0.5870032906532288,0,2.0,pregrado,top,12,7,64
538,cientifico_datos,0.5,0.25,0.5,0.6666666666666666,0.43326258659362793,0,1.0,pregrado,top,0,5,42
539,cientifico_datos,0.25,0.5,1.5,0.3333333333333333,0.5818216800689697,0,3.0,tecnico,top,0,6,47
540,cientifico_datos,0.25,0.5,0.5,0.0,0.6085971593856812,0,1.0,ninguno,desconocida,0,5,33
541,cientifico_datos,0.5,0.5,0.5,0.6666666666666666,0.529809832572937,0,1.0,pregrado,top,0,6,47
542,cientifico_datos,0.75,1.0,0.0,0.3333333333333333,0.6702156066894531,0,0.0,tecnico,top,0,12,49
543,cientifico_datos,0.5,0.25,0.0,0.6666666666666666,0.4194352626800537,0,0.0,pregrado,top,0,6,45
544,cientifico_datos,0.75,0.25,0.5,0.6666666666666666,0.35114333033561707,1,1.0,pregrado,top,0,6,45
545,cientifico_datos,0.25,0.0,1.5,0.6666666666666666,0.44878989458084106,0,5.0,pregrado,top,0,4,45
546,cientifico_datos,0.25,0.0,1.0,0.6666666666666666,0.28386008739471436,0,2.0,pregrado,top,0,5,37
547,cientifico_datos,0.5,0.0,1.5,1.0,0.3847661018371582,1,3.0,posgrado,top,24,3,54
548,cientifico_datos,0.5,0.25,1.0,1.0,0.4016244411468506,0,2.0,posgrado,top,12,7,54
549,cientifico_datos,0.75,1.0,0.5,0.6666666666666666,0.5498706102371216,1,1.0,pregrado,top,0,10,48
550,cientifico_datos,0.5,0.25,1.0,0.0,0.4694236218929291,0,2.0,ninguno,desconocida,0,7,23
551,cientifico_datos,0.5,0.25,0.0,0.6666666666666666,0.522850751876831,0,0.0,pregrado,top,0,6,38
552,cientifico_datos,0.75,0.5,1.5,0.6666666666666666,0.5285440683364868,1,5.0,pregrado,top,0,9,48
553,cientifico_datos,0.0,0.0,0.0,1.0,0.3552360534667969,0,0.0,posgrado,top,0,2,36
554,cientifico_datos,0.0,0.0,1.0,1.0,0.24227820336818695,0,2.0,posgrado,top,0,5,31
555,cientifico_datos,0.25,0.0,0.5,0.3333333333333333,0.37934964895248413,0,1.0,tecnico,top,0,3,37
556,cientifico_datos,0.25,0.0,0.0,0.6666666666666666,0.4536993205547333,0,0.0,pregrado,top,0,2,30
557,cientifico_datos,1.0,1.0,0.5,0.6666666666666666,0.7130555510520935,1,1.0,pregrado,top,0,11,55
558,cientifico_datos,0.75,0.25,1.5,0.0,0.5387844443321228,0,5.0,ninguno,desconocida,0,7,30
559,cientifico_datos,0.75,1.0,1.0,0.6666666666666666,0.5903318524360657,1,2.0,pregrado,top,0,9,47
560,cientifico_datos,0.5,0.25,1.0,0.6666666666666666,0.554307222366333,0,2.0,pregrado,top,0,6,51
561,cientifico_datos,0.25,0.0,1.5,1.0,0.2662162184715271,0,3.0,posgrado,top,12,5,58
562,cientifico_datos,0.5,0.0,1.5,0.6666666666666666,0.45505309104919434,0,3.0,pregrado,top,0,7,33
563,cientifico_datos,0.5,0.5,1.5,0.6666666666666666,0.6157273054122925,0,4.0,pregrado,top,0,9,46
564,cientifico_datos,0.0,0.0,1.5,0.6666666666666666,0.35786712169647217,0,4.0,pregrado,top,0,4,45
565,cientifico_datos,0.25,0.0,1.5,0.3333333333333333,0.3507210612297058,0,6.0,tecnico,top,0,4,32
566,cientifico_datos,1.0,1.0,0.5,0.0,0.576038122177124,1,1.0,ninguno,desconocida,0,9,39
567,cientifico_datos,0.0,0.0,1.5,0.6666666666666666,0.3914016783237457,0,4.0,pregrado,top,12,1,49
568,cientifico_datos,0.25,0.0,0.0,1.0,0.543457567691803,0,0.0,posgrado,top,0,5,36
569,cientifico_datos,0.0,0.0,1.5,0.0,0.431147038936615,0,3.0,ninguno,desconocida,24,3,50
570,cientifico_datos,0.5,0.5,0.5,1.0,0.5537375807762146,0,1.0,posgrado,top,0,6,32
571,cientifico_datos,1.0,0.5,1.5,0.6666666666666666,0.604381799697876,1,4.0,pregrado,top,0,9,49
572,cientifico_datos,0.75,0.75,1.0,0.6666666666666666,0.5152089595794678,1,2.0,pregrado,top,0,8,48
573,cientifico_datos,1.0,0.5,0.5,1.0,0.6445111036300659,1,1.0,posgrado,top,0,9,48
574,cientifico_datos,1.0,1.0,0.5,1.0,0.6215683817863464,1,1.0,posgrado,top,0,12,48
575,cientifico_datos,0.75,1.0,0.5,0.0,0.5427384972572327,1,1.0,ninguno,desconocida,0,9,30
576,cientifico_datos,0.75,0.5,0.0,0.0,0.7257392406463623,0,0.0,ninguno,desconocida,0,6,32
577,cientifico_datos,1.0,1.0,0.5,1.0,0.5402218103408813,1,1.0,posgrado,top,0,10,41
578,cientifico_datos,0.0,0.0,0.5,1.0,0.3639591932296753,0,1.0,posgrado,top,0,2,30
579,cientifico_datos,0.0,0.0,1.5,0.3333333333333333,0.28535187244415283,0,4.0,tecnico,top,0,4,44
580,cientifico_datos,0.0,0.0,0.0,0.6666666666666666,0.49178341031074524,0,0.0,pregrado,top,0,2,39
581,cientifico_datos,0.5,0.0,1.0,0.6666666666666666,0.4859350919723511,0,2.0,pregrado,top,24,5,49
582,cientifico_datos,0.75,1.0,0.0,0.6666666666666666,0.5208957195281982,1,0.0,pregrado,top,0,12,47
583,cientifico_datos,0.5,0.0,0.5,0.3333333333333333,0.5149670243263245,0,1.0,tecnico,top,0,6,43
584,cientifico_datos,0.0,0.0,0.5,1.0,0.15957355499267578,0,1.0,posgrado,top,24,1,30
585,cientifico_datos,0.75,0.75,0.5,1.0,0.6071710586547852,1,1.0,posgrado,top,0,10,42
586,cientifico_datos,0.5,0.25,0.5,0.6666666666666666,0.44562554359436035,0,1.0,pregrado,top,0,6,36
587,cientifico_datos,1.0,0.5,1.0,0.6666666666666666,0.6289633512496948,1,2.0,pregrado,top,12,9,56
588,cientifico_datos,1.0,0.5,0.0,0.3333333333333333,0.5330357551574707,0,0.0,tecnico,top,0,10,52
589,cientifico_datos,0.5,0.5,0.5,1.0,0.3791855275630951,0,1.0,posgrado,top,0,6,46
590,cientifico_datos,0.0,0.0,1.0,0.3333333333333333,0.4024801254272461,0,2.0,tecnico,top,24,3,53
591,cientifico_datos,1.0,0.5,0.0,0.6666666666666666,0.6601080894470215,1,0.0,pregrado,top,0,10,54
592,cientifico_datos,0.25,0.5,0.5,0.6666666666666666,0.46195733547210693,0,1.0,pregrado,top,0,6,44
593,cientifico_datos,0.5,0.25,0.5,0.6666666666666666,0.5165174007415771,0,1.0,pregrado,top,0,8,39
594,cientifico_datos,0.5,0.0,1.5,0.6666666666666666,0.3777851462364197,0,3.0,pregrado,top,0,5,42
595,cientifico_datos,0.25,0.25,1.5,0.0,0.47544634342193604,0,4.0,ninguno,desconocida,12,3,40
596,cientifico_datos,0.5,0.5,1.0,0.6666666666666666,0.6347322463989258,0,2.0,pregrado,top,0,5,53
597,cientifico_datos,0.5,0.25,1.5,0.0,0.5351214408874512,0,5.0,ninguno,desconocida,0,5,28
598,cientifico_datos,1.0,0.25,1.5,1.0,0.5174840688705444,1,3.0,posgrado,top,0,6,46
599,cientifico_datos,0.25,0.25,1.0,0.6666666666666666,0.5669353008270264,0,2.0,pregrado,top,0,4,41
600,cientifico_datos,0.75,0.25,0.5,1.0,0.6201006770133972,0,1.0,posgrado,top,0,5,32
601,cientifico_datos,0.5,0.25,0.0,0.3333333333333333,0.38093212246894836,0,0.0,tecnico,top,0,5,44
602,cientifico_datos,0.25,0.0,1.5,0.3333333333333333,0.5055850148200989,0,3.0,tecnico,top,12,4,61
603,cientifico_datos,0.25,0.25,0.0,0.3333333333333333,0.5272570848464966,0,0.0,tecnico,top,0,4,46
604,cientifico_datos,0.25,0.5,0.5,0.3333333333333333,0.37277859449386597,0,1.0,tecnico,top,0,6,46
605,cientifico_datos,0.25,0.25,0.5,0.3333333333333333,0.6136637330055237,0,1.0,tecnico,top,0,6,48
606,cientifico_datos,1.0,0.5,1.0,0.6666666666666666,0.5228778123855591,1,2.0,pregrado,top,24,10,65
607,cientifico_datos,0.5,0.0,0.0,0.6666666666666666,0.49871131777763367,0,0.0,pregrado,top,0,6,45
608,cientifico_datos,0.75,1.0,1.0,1.0,0.5725972652435303,1,2.0,posgrado,top,0,10,53
609,cientifico_datos,0.5,0.25,0.5,0.6666666666666666,0.6339914202690125,0,1.0,pregrado,top,0,6,36
610,cientifico_datos,0.0,0.0,0.5,0.3333333333333333,0.23619012534618378,0,1.0,tecnico,top,0,1,33
611,cientifico_datos,1.0,1.0,0.0,0.3333333333333333,0.6950651407241821,1,0.0,tecnico,top,0,12,50
612,cientifico_datos,0.5,0.0,0.5,0.6666666666666666,0.4006577134132385,0,1.0,pregrado,top,0,5,39
613,cientifico_datos,0.0,0.0,1.5,0.6666666666666666,0.350752592086792,0,3.0,pregrado,top,0,1,33
614,cientifico_datos,0.25,0.25,1.0,0.6666666666666666,0.49832403659820557,0,2.0,pregrado,top,0,3,48
615,cientifico_datos,0.0,0.0,0.5,0.6666666666666666,0.3158706724643707,0,1.0,pregrado,top,0,3,41
616,cientifico_datos,0.75,0.75,1.5,0.3333333333333333,0.6562053561210632,1,4.0,tecnico,top,0,8,54
617,cientifico_datos,0.25,0.0,0.5,1.0,0.42951875925064087,0,1.0,posgrado,top,0,3,32
618,cientifico_datos,0.5,0.25,1.5,1.0,0.330947607755661,0,3.0,posgrado,top,24,4,53
619,cientifico_datos,0.0,0.0,1.0,0.0,0.16494032740592957,0,2.0,ninguno,desconocida,0,1,15
620,cientifico_datos,0.5,0.0,1.5,0.6666666666666666,0.5297327637672424,0,4.0,pregrado,top,0,5,46
621,cientifico_datos,0.0,0.0,0.5,1.0,0.29383140802383423,0,1.0,posgrado,top,0,4,36
622,cientifico_datos,0.25,0.0,1.5,0.0,0.49250221252441406,0,3.0,ninguno,desconocida,12,6,37
623,cientifico_datos,1.0,1.0,0.5,0.3333333333333333,0.5697376132011414,1,1.0,tecnico,top,0,12,43
624,cientifico_datos,0.0,0.0,1.0,1.0,0.4404436945915222,0,2.0,posgrado,top,0,3,36
625,cientifico_datos,0.0,0.0,0.0,0.6666666666666666,0.3204190731048584,0,0.0,pregrado,top,0,5,39
626,cientifico_datos,0.25,0.5,0.5,0.6666666666666666,0.5260202288627625,0,1.0,pregrado,top,0,7,37
627,cientifico_datos,0.0,0.0,1.0,0.3333333333333333,0.16917315125465393,0,2.0,tecnico,top,0,1,33
628,cientifico_datos,0.5,0.5,0.5,0.6666666666666666,0.3254280090332031,0,1.0,pregrado,top,0,8,42
629,cientifico_datos,0.5,0.25,1.0,0.3333333333333333,0.34402215480804443,0,2.0,tecnico,top,0,7,46
630,cientifico_datos,1.0,0.25,1.0,0.6666666666666666,0.6003087759017944,1,2.0,pregrado,top,0,6,36
631,cientifico_datos,0.0,0.0,1.0,1.0,0.34889793395996094,0,2.0,posgrado,top,0,3,29
632,cientifico_datos,1.0,1.0,1.5,0.6666666666666666,0.5387330651283264,1,4.0,pregrado,top,0,12,48
633,cientifico_datos,0.5,0.0,1.5,0.3333333333333333,0.5297946929931641,0,3.0,tecnico,top,0,3,31
634,cientifico_datos,0.75,0.75,1.5,0.3333333333333333,0.6293359994888306,1,4.0,tecnico,top,0,7,51
635,cientifico_datos,1.0,0.5,1.0,1.0,0.4766868054866791,1,2.0,posgrado,top,0,10,48
636,cientifico_datos,0.5,0.5,0.0,0.6666666666666666,0.3683408498764038,0,0.0,pregrado,top,0,8,45
637,cientifico_datos,0.25,0.0,0.5,0.6666666666666666,0.36509382724761963,0,1.0,pregrado,top,0,5,34
638,cientifico_datos,0.75,0.75,0.5,0.6666666666666666,0.5688881874084473,1,1.0,pregrado,top,0,9,42
639,cientifico_datos,0.5,0.5,0.5,0.6666666666666666,0.48864293098449707,0,1.0,pregrado,top,0,7,50
640,cientifico_datos,0.5,0.5,1.5,0.6666666666666666,0.48781493306159973,0,4.0,pregrado,top,0,8,45
641,analista_ciberseguridad,0.3333333333333333,0.0,0.5,1.0,0.48877209424972534,0,1.0,pregrado,top,0,3,42
642,analista_ciberseguridad,0.0,0.0,0.5,0.5,0.42310792207717896,0,1.0,tecnico,top,0,1,19
643,analista_ciberseguridad,0.0,0.0,1.0,1.0,0.49875691533088684,0,2.0,pregrado,top,0,1,34
644,analista_ciberseguridad,1.0,0.5,0.5,1.0,0.5201714038848877,1,1.0,pregrado,top,0,7,49
645,analista_ciberseguridad,1.0,0.5,1.5,0.5,0.4308789372444153,1,3.0,tecnico,top,0,6,39
646,analista_ciberseguridad,0.3333333333333333,0.0,0.5,1.0,0.4928572475910187,0,1.0,pregrado,top,0,2,42
647,analista_ciberseguridad,1.0,0.75,0.0,0.5,0.6972803473472595,1,0.0,tecnico,top,0,8,50
648,analista_ciberseguridad,0.6666666666666666,0.5,1.0,0.0,0.5418025255203247,0,2.0,ninguno,desconocida,12,6,55
649,analista_ciberseguridad,1.0,0.75,1.5,1.0,0.5540496110916138,1,3.0,pregrado,top,0,9,51
650,analista_ciberseguridad,0.3333333333333333,0.0,1.5,0.0,0.5238450765609741,0,3.0,ninguno,desconocida,0,5,29
651,analista_ciberseguridad,0.3333333333333333,0.0,1.5,0.5,0.52911376953125,0,3.0,tecnico,top,0,5,34
652,analista_ciberseguridad,1.0,0.75,1.0,1.0,0.5834136009216309,1,2.0,pregrado,top,12,10,62
653,analista_ciberseguridad,0.6666666666666666,0.25,1.5,1.0,0.3698187470436096,0,5.0,posgrado,top,0,6,46
654,analista_ciberseguridad,0.0,0.0,1.0,0.0,0.3151949942111969,0,2.0,ninguno,desconocida,12,3,40
655,analista_ciberseguridad,0.3333333333333333,0.0,1.5,1.0,0.4360877275466919,0,3.0,pregrado,top,0,2,39
656,analista_ciberseguridad,1.0,0.75,0.0,1.0,0.6017197370529175,1,0.0,posgrado,top,0,10,51
657,analista_ciberseguridad,0.0,0.25,0.0,1.0,0.5260085463523865,0,0.0,posgrado,top,0,5,40
658,analista_ciberseguridad,0.6666666666666666,0.0,0.0,0.5,0.6104156970977783,0,0.0,tecnico,top,0,5,45
659,analista_ciberseguridad,0.3333333333333333,0.25,0.0,0.0,0.4828222393989563,0,0.0,ninguno,desconocida,0,5,25
660,analista_ciberseguridad,0.0,0.0,0.0,1.0,0.4489753842353821,0,0.0,posgrado,top,0,3,43
661,analista_ciberseguridad,0.6666666666666666,1.0,1.0,1.0,0.40991267561912537,1,2.0,posgrado,top,0,7,51
662,analista_ciberseguridad,0.3333333333333333,0.0,0.5,0.0,0.4576333165168762,0,1.0,ninguno,desconocida,0,6,29
663,analista_ciberseguridad,0.3333333333333333,0.25,1.0,1.0,0.6422178745269775,0,2.0,pregrado,top,0,4,48
664,analista_ciberseguridad,1.0,0.25,1.5,0.5,0.5165680646896362,1,4.0,tecnico,top,0,6,43
665,analista_ciberseguridad,0.0,0.0,0.5,1.0,0.4414016008377075,0,1.0,posgrado,top,0,4,31
666,analista_ciberseguridad,0.3333333333333333,0.5,1.5,1.0,0.4938177764415741,0,5.0,posgrado,top,0,6,36
667,analista_ciberseguridad,0.6666666666666666,0.75,0.0,1.0,0.5211382508277893,1,0.0,pregrado,top,0,9,59
668,analista_ciberseguridad,0.3333333333333333,0.25,1.0,0.5,0.6057734489440918,0,2.0,tecnico,top,12,6,60
669,analista_ciberseguridad,0.6666666666666666,1.0,0.0,1.0,0.6059826612472534,1,0.0,posgrado,top,0,10,44
670,analista_ciberseguridad,1.0,0.5,1.0,1.0,0.5117051005363464,1,2.0,posgrado,top,0,7,45
671,analista_ciberseguridad,1.0,1.0,0.0,0.0,0.5486920475959778,1,0.0,ninguno,desconocida,0,10,38
672,analista_ciberseguridad,0.3333333333333333,0.0,0.0,1.0,0.6358151435852051,0,0.0,pregrado,top,0,5,50
673,analista_ciberseguridad,0.3333333333333333,0.5,1.0,1.0,0.4747501611709595,0,2.0,pregrado,top,0,7,49
674,analista_ciberseguridad,0.3333333333333333,0.5,0.5,1.0,0.38055336475372314,0,1.0,posgrado,top,24,7,57
675,analista_ciberseguridad,0.3333333333333333,0.0,0.0,1.0,0.5368559956550598,0,0.0,posgrado,top,0,3,28
676,analista_ciberseguridad,0.6666666666666666,0.25,0.5,1.0,0.45259469747543335,1,1.0,pregrado,top,0,5,28
677,analista_ciberseguridad,0.3333333333333333,0.0,1.5,1.0,0.4187537729740143,0,6.0,pregrado,top,0,4,44
678,analista_ciberseguridad,1.0,1.0,0.0,1.0,0.5574771761894226,1,0.0,pregrado,top,0,9,56
679,analista_ciberseguridad,1.0,0.75,1.0,1.0,0.6944923996925354,1,2.0,pregrado,top,0,11,55
680,analista_ciberseguridad,0.3333333333333333,0.0,1.0,0.5,0.5946149230003357,0,2.0,tecnico,top,0,2,35
681,analista_ciberseguridad,0.3333333333333333,0.25,0.0,1.0,0.4743848145008087,0,0.0,posgrado,top,0,4,36
682,analista_ciberseguridad,0.0,0.0,1.5,0.5,0.5383436679840088,0,3.0,tecnico,top,12,4,54
683,analista_ciberseguridad,0.0,0.0,0.5,1.0,0.2265533208847046,0,1.0,pregrado,top,0,4,31
684,analista_ciberseguridad,0.6666666666666666,0.25,1.5,0.5,0.4284908175468445,0,3.0,tecnico,top,24,5,59
685,analista_ciberseguridad,0.3333333333333333,0.25,0.5,1.0,0.5433698892593384,0,1.0,pregrado,top,0,4,42
686,analista_ciberseguridad,1.0,0.5,1.0,1.0,0.6398075819015503,1,2.0,pregrado,top,0,7,39
687,analista_ciberseguridad,0.3333333333333333,0.25,1.5,0.0,0.5940626859664917,0,4.0,ninguno,desconocida,0,5,32
688,analista_ciberseguridad,0.3333333333333333,0.0,0.0,0.5,0.46580249071121216,0,0.0,tecnico,top,0,5,41
689,analista_ciberseguridad,0.6666666666666666,0.5,0.0,0.5,0.5047182440757751,0,0.0,tecnico,top,0,6,46
690,analista_ciberseguridad,0.3333333333333333,0.25,1.5,0.5,0.5343759059906006,0,4.0,tecnico,top,0,4,37
691,analista_ciberseguridad,0.6666666666666666,1.0,1.5,1.0,0.6152486801147461,1,4.0,posgrado,top,0,9,52
692,analista_ciberseguridad,0.3333333333333333,0.0,0.0,1.0,0.33477696776390076,0,0.0,posgrado,top,0,3,38
693,analista_ciberseguridad,1.0,0.5,1.5,1.0,0.3791682720184326,1,4.0,pregrado,top,0,7,41
694,analista_ciberseguridad,1.0,0.5,1.0,1.0,0.3881256878376007,1,2.0,pregrado,top,24,9,71
695,analista_ciberseguridad,1.0,1.0,0.5,0.5,0.5262453556060791,1,1.0,tecnico,top,0,9,51
696,analista_ciberseguridad,0.3333333333333333,0.0,0.5,1.0,0.5487045645713806,0,1.0,pregrado,top,0,2,34
697,analista_ciberseguridad,0.3333333333333333,0.5,1.5,1.0,0.610759973526001,0,5.0,pregrado,top,0,7,46
698,analista_ciberseguridad,0.6666666666666666,0.5,1.5,0.5,0.4920586347579956,1,3.0,tecnico,top,0,6,48
699,analista_ciberseguridad,0.3333333333333333,0.25,1.5,1.0,0.5403357744216919,0,3.0,pregrado,top,0,4,40
700,analista_ciberseguridad,0.0,0.0,0.5,1.0,0.412117600440979,0,1.0,pregrado,top,0,2,41
701,analista_ciberseguridad,0.0,0.25,1.0,1.0,0.4457152783870697,0,2.0,pregrado,top,0,5,33
702,analista_ciberseguridad,1.0,0.5,1.0,1.0,0.5785762071609497,1,2.0,pregrado,top,0,7,47
703,analista_ciberseguridad,0.3333333333333333,0.0,0.5,0.5,0.4679505527019501,0,1.0,tecnico,top,0,2,30
704,analista_ciberseguridad,0.3333333333333333,0.0,1.0,1.0,0.534705400466919,0,2.0,pregrado,top,24,4,55
705,analista_ciberseguridad,0.3333333333333333,0.0,0.0,1.0,0.49172091484069824,0,0.0,posgrado,top,0,5,39
706,analista_ciberseguridad,1.0,0.75,0.0,0.0,0.6469408273696899,1,0.0,ninguno,desconocida,0,9,35
707,analista_ciberseguridad,1.0,0.25,0.5,1.0,0.4576551020145416,1,1.0,posgrado,top,0,6,41
708,analista_ciberseguridad,1.0,0.25,1.5,1.0,0.6253276467323303,1,3.0,pregrado,top,12,5,61
709,analista_ciberseguridad,1.0,1.0,0.5,1.0,0.4525878429412842,1,1.0,posgrado,top,0,11,50
710,analista_ciberseguridad,1.0,0.25,0.5,1.0,0.4236375689506531,1,1.0,pregrado,top,0,7,52
711,analista_ciberseguridad,0.6666666666666666,0.0,0.5,1.0,0.4893982410430908,0,1.0,pregrado,top,0,6,32
712,analista_ciberseguridad,0.0,0.0,1.5,0.5,0.4917469918727875,0,3.0,tecnico,top,12,1,44
713,analista_ciberseguridad,0.6666666666666666,1.0,1.5,1.0,0.403734028339386,1,4.0,pregrado,top,0,8,44
714,analista_ciberseguridad,0.3333333333333333,0.0,1.5,1.0,0.5242942571640015,0,3.0,pregrado,top,0,2,37
715,analista_ciberseguridad,1.0,0.25,1.0,1.0,0.5602819919586182,1,2.0,pregrado,top,0,8,47
716,analista_ciberseguridad,0.0,0.0,0.0,1.0,0.4908192753791809,0,0.0,posgrado,top,0,5,38
717,analista_ciberseguridad,0.6666666666666666,0.75,1.0,1.0,0.41468456387519836,0,2.0,pregrado,top,24,9,62
718,analista_ciberseguridad,0.3333333333333333,0.5,1.0,1.0,0.43194279074668884,0,2.0,pregrado,top,0,8,50
719,analista_ciberseguridad,0.0,0.0,0.5,1.0,0.1812550276517868,0,1.0,posgrado,top,24,2,39
720,analista_ciberseguridad,1.0,0.5,1.0,1.0,0.5008309483528137,1,2.0,pregrado,top,0,7,42
721,analista_ciberseguridad,1.0,0.25,0.0,0.0,0.5999720096588135,0,0.0,ninguno,desconocida,0,9,40
722,analista_ciberseguridad,0.6666666666666666,0.5,1.0,1.0,0.389320969581604,1,2.0,pregrado,top,12,7,58
723,analista_ciberseguridad,1.0,1.0,1.0,1.0,0.5300819873809814,1,2.0,pregrado,top,12,12,70
724,analista_ciberseguridad,0.3333333333333333,0.0,0.5,1.0,0.47849971055984497,0,1.0,pregrado,top,0,5,43
725,analista_ciberseguridad,0.3333333333333333,0.5,1.5,1.0,0.5133719444274902,1,4.0,posgrado,top,24,5,55
726,analista_ciberseguridad,0.3333333333333333,0.25,1.5,0.5,0.5119683742523193,0,5.0,tecnico,top,0,6,46
727,analista_ciberseguridad,0.6666666666666666,0.25,0.5,1.0,0.37268874049186707,0,1.0,pregrado,top,0,8,33
728,analista_ciberseguridad,0.3333333333333333,0.25,0.0,1.0,0.3508341908454895,0,0.0,pregrado,top,0,4,43
729,analista_ciberseguridad,1.0,0.5,0.0,0.5,0.4069176912307739,1,0.0,tecnico,top,0,8,53
730,analista_ciberseguridad,0.0,0.0,0.5,0.5,0.49459749460220337,0,1.0,tecnico,top,0,4,28
731,analista_ciberseguridad,0.3333333333333333,0.25,0.0,1.0,0.5311325788497925,0,0.0,pregrado,top,0,4,41
732,analista_ciberseguridad,0.3333333333333333,0.0,0.5,1.0,0.6455262899398804,0,1.0,posgrado,top,0,3,40
733,analista_ciberseguridad,1.0,0.75,1.5,0.5,0.38960641622543335,1,3.0,tecnico,top,0,8,37
734,analista_ciberseguridad,1.0,0.25,1.0,1.0,0.653411865234375,1,2.0,pregrado,top,12,7,68
735,analista_ciberseguridad,1.0,1.0,0.5,1.0,0.35624581575393677,1,1.0,pregrado,top,0,11,46
736,analista_ciberseguridad,0.6666666666666666,0.25,1.0,1.0,0.3962101936340332,1,2.0,posgrado,top,0,7,42
737,analista_ciberseguridad,0.6666666666666666,0.25,0.5,1.0,0.4460674524307251,1,1.0,pregrado,top,0,7,42
738,analista_ciberseguridad,0.3333333333333333,0.25,0.0,0.5,0.5498644113540649,0,0.0,tecnico,top,0,5,43
739,analista_ciberseguridad,0.3333333333333333,0.25,1.0,0.5,0.5354719758033752,0,2.0,tecnico,top,0,3,43
740,analista_ciberseguridad,1.0,1.0,1.0,1.0,0.4706830382347107,1,2.0,pregrado,top,12,11,65
741,analista_ciberseguridad,0.3333333333333333,0.25,1.0,1.0,0.5447381138801575,0,2.0,posgrado,top,0,4,35
742,analista_ciberseguridad,0.3333333333333333,0.5,0.0,1.0,0.5843125581741333,0,0.0,pregrado,top,0,5,42
743,analista_ciberseguridad,0.3333333333333333,0.0,1.0,1.0,0.5476107597351074,0,2.0,pregrado,top,0,3,37
744,analista_ciberseguridad,1.0,0.25,1.0,1.0,0.5178495049476624,1,2.0,pregrado,top,0,5,45
745,analista_ciberseguridad,1.0,0.75,1.5,1.0,0.40651267766952515,1,3.0,pregrado,top,24,8,68
746,analista_ciberseguridad,1.0,0.25,1.5,0.5,0.5750800371170044,1,5.0,tecnico,top,0,6,38
747,analista_ciberseguridad,1.0,0.5,0.0,0.5,0.4782067537307739,1,0.0,tecnico,top,0,7,51
748,analista_ciberseguridad,0.3333333333333333,0.0,0.0,0.0,0.4588852822780609,0,0.0,ninguno,desconocida,0,2,24
749,analista_ciberseguridad,0.3333333333333333,0.25,1.0,0.5,0.5999419093132019,0,2.0,tecnico,top,0,5,44
750,analista_ciberseguridad,0.6666666666666666,0.25,0.5,0.5,0.4815073609352112,0,1.0,tecnico,top,0,4,42
751,analista_ciberseguridad,0.3333333333333333,0.0,0.5,1.0,0.45531266927719116,0,1.0,pregrado,top,0,5,47
752,analista_ciberseguridad,0.3333333333333333,0.25,1.0,1.0,0.6335283517837524,0,2.0,pregrado,top,0,5,45
753,analista_ciberseguridad,0.3333333333333333,0.0,0.5,1.0,0.5719878673553467,0,1.0,pregrado,top,0,2,33
754,analista_ciberseguridad,0.6666666666666666,0.5,1.5,1.0,0.4430336654186249,1,3.0,posgrado,top,0,7,37
755,analista_ciberseguridad,0.3333333333333333,0.0,1.0,1.0,0.35984164476394653,0,2.0,posgrado,top,0,3,30
756,analista_ciberseguridad,1.0,0.25,0.5,0.0,0.4302850067615509,0,1.0,ninguno,desconocida,0,8,30
757,analista_ciberseguridad,0.6666666666666666,0.25,0.5,1.0,0.4275660216808319,0,1.0,posgrado,top,0,4,30
758,analista_ciberseguridad,0.3333333333333333,0.0,0.5,1.0,0.41972869634628296,0,1.0,pregrado,top,0,5,44
759,analista_ciberseguridad,1.0,1.0,1.0,1.0,0.5031464099884033,1,2.0,posgrado,top,0,8,41
760,analista_ciberseguridad,0.0,0.5,0.5,1.0,0.49445563554763794,0,1.0,pregrado,top,0,5,55
761,analista_ciberseguridad,0.0,0.0,1.5,1.0,0.39693835377693176,0,4.0,pregrado,top,0,3,40
762,analista_ciberseguridad,0.3333333333333333,0.0,1.5,1.0,0.44419485330581665,0,5.0,posgrado,top,0,5,42
763,analista_ciberseguridad,1.0,1.0,0.0,1.0,0.620579719543457,1,0.0,posgrado,top,0,11,55
764,analista_ciberseguridad,0.0,0.0,0.0,1.0,0.3877020478248596,0,0.0,pregrado,top,0,4,42
765,analista_ciberseguridad,0.3333333333333333,0.0,1.5,1.0,0.4800586700439453,0,3.0,posgrado,top,0,4,42
766,analista_ciberseguridad,0.3333333333333333,0.0,0.0,1.0,0.6086819171905518,0,0.0,pregrado,top,0,5,45
767,analista_ciberseguridad,0.0,0.5,1.5,1.0,0.5121237635612488,0,3.0,pregrado,top,12,3,63
768,analista_ciberseguridad,0.3333333333333333,0.5,1.5,1.0,0.3314175605773926,0,3.0,pregrado,top,0,7,42
769,analista_ciberseguridad,1.0,0.25,0.5,0.5,0.5266743898391724,1,1.0,tecnico,top,0,5,41
770,analista_ciberseguridad,1.0,1.0,0.5,0.0,0.6754193902015686,1,1.0,ninguno,desconocida,0,9,47
771,analista_ciberseguridad,0.3333333333333333,0.25,0.5,1.0,0.4900994300842285,0,1.0,pregrado,top,0,4,49
772,analista_ciberseguridad,0.3333333333333333,0.0,0.5,1.0,0.5207579135894775,0,1.0,pregrado,top,0,4,26
773,analista_ciberseguridad,0.3333333333333333,0.5,0.0,0.0,0.6339036226272583,0,0.0,ninguno,desconocida,0,4,30
774,analista_ciberseguridad,0.3333333333333333,0.0,0.0,1.0,0.5173019170761108,0,0.0,pregrado,top,0,4,34
775,analista_ciberseguridad,0.0,0.0,0.5,1.0,0.5565986633300781,0,1.0,pregrado,top,0,1,29
776,analista_ciberseguridad,1.0,0.25,1.5,1.0,0.5063823461532593,1,3.0,pregrado,top,0,6,37
777,analista_ciberseguridad,0.6666666666666666,1.0,1.5,0.0,0.5120996236801147,1,3.0,ninguno,desconocida,24,9,55
778,analista_ciberseguridad,0.0,0.0,0.0,1.0,0.5076526403427124,0,0.0,pregrado,top,0,4,36
779,analista_ciberseguridad,0.6666666666666666,0.5,0.0,1.0,0.478843092918396,0,0.0,pregrado,top,0,7,45
780,analista_ciberseguridad,0.3333333333333333,0.5,0.5,0.5,0.48014122247695923,0,1.0,tecnico,top,0,7,42
781,analista_ciberseguridad,0.3333333333333333,0.0,0.5,1.0,0.47198742628097534,0,1.0,pregrado,top,0,4,25
782,analista_ciberseguridad,0.3333333333333333,0.0,1.5,0.5,0.578819751739502,0,4.0,tecnico,top,0,3,39
783,analista_ciberseguridad,0.3333333333333333,0.5,1.5,1.0,0.4223769009113312,1,3.0,pregrado,top,0,7,38
784,analista_ciberseguridad,1.0,0.5,1.5,0.5,0.448317289352417,1,5.0,tecnico,top,12,8,65
785,analista_ciberseguridad,0.3333333333333333,0.0,0.5,1.0,0.4745590090751648,0,1.0,pregrado,top,0,5,36
786,analista_ciberseguridad,0.3333333333333333,0.25,1.5,0.0,0.3805142045021057,0,4.0,ninguno,desconocida,12,5,51
787,analista_ciberseguridad,1.0,0.75,0.5,1.0,0.4153239130973816,1,1.0,pregrado,top,0,10,45
788,analista_ciberseguridad,0.0,0.0,1.5,1.0,0.4583895206451416,0,3.0,pregrado,top,0,1,29
789,analista_ciberseguridad,0.3333333333333333,0.0,1.0,1.0,0.5073014497756958,0,2.0,pregrado,top,0,5,37
790,analista_ciberseguridad,0.3333333333333333,0.5,0.5,0.5,0.5420167446136475,0,1.0,tecnico,top,0,4,38
791,analista_ciberseguridad,0.0,0.25,1.5,1.0,0.29389870166778564,0,3.0,pregrado,top,0,2,43
792,analista_ciberseguridad,1.0,0.25,0.5,1.0,0.4459511637687683,1,1.0,pregrado,top,0,7,39
793,analista_ciberseguridad,0.6666666666666666,1.0,1.0,1.0,0.49171364307403564,1,2.0,posgrado,top,0,8,43
794,analista_ciberseguridad,0.0,0.0,0.5,1.0,0.44469672441482544,0,1.0,posgrado,top,0,4,36
795,analista_ciberseguridad,0.0,0.0,0.0,1.0,0.3309743404388428,0,0.0,pregrado,top,0,3,43
796,analista_ciberseguridad,0.3333333333333333,0.5,1.5,1.0,0.5767858624458313,0,5.0,pregrado,top,12,4,58
797,analista_ciberseguridad,0.3333333333333333,0.25,0.5,1.0,0.40419554710388184,0,1.0,posgrado,top,0,5,42
798,analista_ciberseguridad,0.0,0.25,0.5,0.0,0.5062512159347534,0,1.0,ninguno,desconocida,0,3,28
799,analista_ciberseguridad,0.3333333333333333,0.0,0.5,1.0,0.456462025642395,0,1.0,pregrado,top,0,3,31
800,analista_ciberseguridad,0.3333333333333333,0.0,0.5,0.5,0.37904471158981323,0,1.0,tecnico,top,0,4,28
801,pentester,0.5,0.3333333333333333,1.0,1.0,0.49689674377441406,1,2.0,posgrado,top,0,6,42
802,pentester,0.5,0.0,0.5,1.0,0.44922348856925964,0,1.0,posgrado,top,0,4,30
803,pentester,1.0,0.3333333333333333,1.0,1.0,0.5668120384216309,1,2.0,posgrado,top,0,6,41
804,pentester,0.5,0.3333333333333333,0.0,1.0,0.5008231401443481,0,0.0,pregrado,top,0,4,54
805,pentester,1.0,0.3333333333333333,1.5,0.0,0.6090129613876343,0,3.0,ninguno,desconocida,0,7,36
806,pentester,0.5,0.3333333333333333,1.0,1.0,0.5135548114776611,0,2.0,pregrado,top,0,7,41
807,pentester,0.25,0.0,0.0,0.0,0.4483907222747803,0,0.0,ninguno,desconocida,0,5,38
808,pentester,1.0,1.0,0.0,0.0,0.6336032152175903,1,0.0,ninguno,desconocida,0,8,35
809,pentester,1.0,0.3333333333333333,1.5,1.0,0.5189791321754456,1,4.0,pregrado,top,12,8,64
810,pentester,0.75,0.6666666666666666,1.5,1.0,0.620381236076355,1,4.0,pregrado,top,0,7,45
811,pentester,0.5,0.3333333333333333,0.5,0.0,0.4109896421432495,0,1.0,ninguno,desconocida,0,4,30
812,pentester,0.25,0.3333333333333333,0.0,1.0,0.4373607039451599,0,0.0,pregrado,top,0,4,43
813,pentester,1.0,0.3333333333333333,1.5,1.0,0.5100187063217163,1,4.0,pregrado,top,0,9,51
814,pentester,0.5,0.0,0.5,1.0,0.520703136920929,0,1.0,posgrado,top,0,4,33
815,pentester,0.75,0.3333333333333333,1.5,0.5,0.5117632150650024,1,3.0,tecnico,top,0,8,48
816,pentester,0.5,0.0,1.5,1.0,0.4227355122566223,0,5.0,pregrado,top,0,6,42
817,pentester,0.5,0.3333333333333333,0.5,1.0,0.5552544593811035,0,1.0,posgrado,top,0,5,37
818,pentester,0.0,0.0,1.5,1.0,0.3673168122768402,0,3.0,pregrado,top,0,1,25
819,pentester,0.0,0.0,1.0,1.0,0.3703276813030243,0,2.0,pregrado,top,0,1,32
820,pentester,0.5,0.3333333333333333,0.5,0.5,0.48678058385849,0,1.0,tecnico,top,0,4,42
821,pentester,0.0,0.0,0.5,0.0,0.32646769285202026,0,1.0,ninguno,desconocida,0,1,19
822,pentester,1.0,0.3333333333333333,0.0,0.5,0.4651559293270111,0,0.0,tecnico,top,0,8,46
823,pentester,0.5,0.3333333333333333,1.0,1.0,0.3050369322299957,1,2.0,pregrado,top,0,6,51
824,pentester,0.75,0.3333333333333333,0.0,0.5,0.551457405090332,0,0.0,tecnico,top,0,6,38
825,pentester,1.0,0.6666666666666666,1.5,0.5,0.6143203377723694,1,3.0,tecnico,top,0,10,50
826,pentester,0.0,0.0,1.5,0.5,0.3699359893798828,0,3.0,tecnico,top,12,3,53
827,pentester,0.25,0.0,0.5,1.0,0.3092004656791687,0,1.0,pregrado,top,0,5,38
828,pentester,0.5,0.3333333333333333,0.0,1.0,0.5464541912078857,0,0.0,pregrado,top,0,5,48
829,pentester,1.0,1.0,0.0,1.0,0.5976400375366211,1,0.0,pregrado,top,0,10,51
830,pentester,1.0,0.3333333333333333,0.5,0.5,0.629583477973938,0,1.0,tecnico,top,0,9,50
831,pentester,0.25,0.0,0.5,1.0,0.4849127233028412,0,1.0,posgrado,top,0,6,48
832,pentester,0.25,0.3333333333333333,0.5,1.0,0.5682562589645386,0,1.0,pregrado,top,0,6,38
833,pentester,0.25,0.3333333333333333,1.5,0.5,0.489565908908844,0,5.0,tecnico,top,12,4,57
834,pentester,0.75,0.6666666666666666,0.5,1.0,0.53878253698349,1,1.0,pregrado,top,0,6,43
835,pentester,0.25,0.3333333333333333,1.5,1.0,0.5193125009536743,0,3.0,pregrado,top,12,4,62
836,pentester,1.0,0.6666666666666666,0.5,1.0,0.47496265172958374,1,1.0,pregrado,top,0,8,40
837,pentester,1.0,0.3333333333333333,0.5,1.0,0.54784095287323,1,1.0,pregrado,top,0,9,51
838,pentester,1.0,1.0,0.0,1.0,0.6262304782867432,1,0.0,pregrado,top,0,8,51
839,pentester,0.5,0.0,0.0,1.0,0.38691532611846924,0,0.0,pregrado,top,0,3,43
840,pentester,0.5,0.3333333333333333,1.0,0.5,0.4575861692428589,0,2.0,tecnico,top,12,3,66
841,pentester,0.5,0.0,1.5,1.0,0.5633952617645264,0,4.0,pregrado,top,24,5,55
842,pentester,0.75,0.3333333333333333,1.5,0.5,0.39981862902641296,1,3.0,tecnico,top,0,5,43
843,pentester,0.5,0.3333333333333333,1.0,1.0,0.5903719663619995,1,2.0,pregrado,top,12,4,56
844,pentester,1.0,1.0,1.5,0.5,0.6720064282417297,1,4.0,tecnico,top,0,9,47
845,pentester,1.0,0.6666666666666666,1.5,0.0,0.6685954332351685,1,3.0,ninguno,desconocida,0,8,35
846,pentester,0.25,0.0,1.5,0.0,0.4957129955291748,0,3.0,ninguno,desconocida,24,2,36
847,pentester,0.25,0.3333333333333333,1.0,1.0,0.6148912906646729,0,2.0,posgrado,top,0,4,45
848,pentester,0.0,0.0,1.0,1.0,0.35769569873809814,0,2.0,pregrado,top,12,1,41
849,pentester,0.75,0.3333333333333333,1.0,0.5,0.549433708190918,0,2.0,tecnico,top,0,5,41
850,pentester,0.5,0.3333333333333333,0.0,1.0,0.6343869566917419,0,0.0,pregrado,top,0,7,53
851,pentester,0.0,0.0,0.5,1.0,0.4950215220451355,0,1.0,posgrado,top,0,4,43
852,pentester,0.5,0.3333333333333333,0.0,1.0,0.35212770104408264,0,0.0,pregrado,top,0,4,47
853,pentester,1.0,0.6666666666666666,0.5,1.0,0.5281234383583069,1,1.0,pregrado,top,0,11,49
854,pentester,1.0,0.6666666666666666,0.5,0.5,0.5504787564277649,1,1.0,tecnico,top,0,8,41
855,pentester,1.0,0.3333333333333333,1.5,1.0,0.6028897762298584,1,5.0,pregrado,top,0,7,52
856,pentester,1.0,0.3333333333333333,1.5,0.0,0.4804219603538513,0,3.0,ninguno,desconocida,0,8,34
857,pentester,1.0,0.3333333333333333,1.5,1.0,0.5692229866981506,1,4.0,posgrado,top,0,9,52
858,pentester,0.25,0.0,1.5,0.0,0.3715173602104187,0,4.0,ninguno,desconocida,0,3,32
859,pentester,0.75,0.6666666666666666,1.5,1.0,0.580952525138855,0,3.0,pregrado,top,12,7,61
860,pentester,0.25,0.0,0.0,1.0,0.4036547541618347,0,0.0,pregrado,top,0,4,48
861,pentester,0.5,0.0,0.5,0.5,0.44178032875061035,0,1.0,tecnico,top,0,4,41
862,pentester,0.5,0.0,1.0,1.0,0.39378678798675537,0,2.0,pregrado,top,12,6,60
863,pentester,0.0,0.0,0.5,1.0,0.26250070333480835,0,1.0,pregrado,top,0,2,32
864,pentester,0.5,0.0,1.5,1.0,0.34849753975868225,0,3.0,posgrado,top,12,6,68
865,pentester,0.0,0.0,0.0,0.5,0.32359418272972107,0,0.0,tecnico,top,0,5,46
866,pentester,0.5,0.3333333333333333,1.0,1.0,0.6480337381362915,1,2.0,pregrado,top,12,6,50
867,pentester,0.25,0.0,1.5,1.0,0.5822441577911377,0,4.0,pregrado,top,12,3,48
868,pentester,0.5,0.0,1.5,1.0,0.40185093879699707,0,5.0,pregrado,top,0,4,34
869,pentester,0.5,0.0,1.0,0.5,0.35229477286338806,0,2.0,tecnico,top,0,5,35
870,pentester,0.5,0.3333333333333333,1.5,1.0,0.5327503085136414,0,3.0,pregrado,top,0,6,46
871,pentester,0.5,0.3333333333333333,0.0,1.0,0.4671401381492615,0,0.0,pregrado,top,0,5,41
872,pentester,1.0,0.6666666666666666,1.0,1.0,0.46307650208473206,1,2.0,pregrado,top,0,9,55
873,pentester,0.25,0.3333333333333333,0.5,0.5,0.558479905128479,0,1.0,tecnico,top,0,3,36
874,pentester,1.0,0.3333333333333333,1.0,1.0,0.6170927286148071,1,2.0,pregrado,top,0,8,50
875,pentester,1.0,0.6666666666666666,1.5,1.0,0.6117987632751465,1,3.0,pregrado,top,0,10,54
876,pentester,0.0,0.0,1.0,0.0,0.24517756700515747,0,2.0,ninguno,desconocida,0,2,12
877,pentester,0.25,0.3333333333333333,0.5,1.0,0.3475865423679352,0,1.0,pregrado,top,0,6,37
878,pentester,0.5,0.0,0.5,0.5,0.4285716712474823,0,1.0,tecnico,top,0,4,36
879,pentester,1.0,1.0,1.0,1.0,0.6757782697677612,1,2.0,pregrado,top,0,9,48
880,pentester,0.5,0.0,1.5,1.0,0.47935160994529724,0,5.0,pregrado,top,0,3,45
881,pentester,0.0,0.0,1.0,0.5,0.3620670437812805,0,2.0,tecnico,top,0,2,38
882,pentester,0.5,0.0,0.0,1.0,0.29473626613616943,0,0.0,pregrado,top,0,6,45
883,pentester,1.0,1.0,1.0,1.0,0.6557722091674805,1,2.0,pregrado,top,24,11,70
884,pentester,0.25,0.0,1.5,1.0,0.5818067193031311,0,3.0,pregrado,top,0,5,46
885,pentester,0.75,0.6666666666666666,1.0,1.0,0.5712069272994995,1,2.0,pregrado,top,0,7,47
886,pentester,1.0,0.3333333333333333,1.0,1.0,0.5286179780960083,1,2.0,pregrado,top,0,7,48
887,pentester,0.5,0.0,1.0,1.0,0.5976184606552124,0,2.0,pregrado,top,0,5,41
888,pentester,0.25,0.0,1.0,1.0,0.5376071929931641,0,2.0,pregrado,top,0,3,37
889,pentester,0.75,1.0,1.5,1.0,0.5479429960250854,1,5.0,pregrado,top,0,11,57
890,pentester,0.75,0.6666666666666666,0.0,0.5,0.5968565940856934,1,0.0,tecnico,top,0,8,50
891,pentester,0.25,0.0,0.0,1.0,0.45663222670555115,0,0.0,pregrado,top,0,2,37
892,pentester,0.75,0.3333333333333333,0.5,0.5,0.533161997795105,1,1.0,tecnico,top,0,5,45
893,pentester,0.0,0.0,0.5,0.5,0.22551055252552032,0,1.0,tecnico,top,0,3,25
894,pentester,1.0,0.6666666666666666,0.5,0.0,0.6294950246810913,1,1.0,ninguno,desconocida,0,7,35
895,pentester,0.0,0.0,1.5,1.0,0.40438956022262573,0,4.0,posgrado,top,12,4,49
896,pentester,0.0,0.0,1.0,0.0,0.33695316314697266,0,2.0,ninguno,desconocida,0,1,20
897,pentester,0.5,0.0,1.5,1.0,0.4373170733451843,0,4.0,pregrado,top,0,6,54
898,pentester,1.0,0.3333333333333333,1.5,1.0,0.5519782304763794,1,4.0,posgrado,top,0,8,48
899,pentester,0.0,0.0,0.0,1.0,0.49805745482444763,0,0.0,posgrado,top,0,2,39
900,pentester,0.75,0.6666666666666666,1.5,1.0,0.6641519665718079,1,4.0,pregrado,top,0,6,49
901,pentester,0.25,0.0,1.0,0.5,0.40014952421188354,0,2.0,tecnico,top,0,4,49
902,pentester,0.5,0.3333333333333333,0.0,0.5,0.4571791887283325,0,0.0,tecnico,top,0,6,36
903,pentester,0.0,0.0,1.0,1.0,0.37029480934143066,0,2.0,pregrado,top,0,1,33
904,pentester,0.25,0.0,0.5,1.0,0.4031729996204376,0,1.0,pregrado,top,0,3,38
905,pentester,0.25,0.0,0.5,0.5,0.3047023415565491,0,1.0,tecnico,top,0,4,33
906,pentester,0.5,0.0,0.0,1.0,0.4871581196784973,0,0.0,pregrado,top,0,5,47
907,pentester,0.5,0.0,1.0,0.5,0.4410233497619629,0,2.0,tecnico,top,0,5,42
908,pentester,0.5,0.0,0.5,1.0,0.3442859351634979,0,1.0,pregrado,top,0,5,39
909,pentester,1.0,1.0,1.5,1.0,0.6277053356170654,1,3.0,pregrado,top,0,9,52
910,pentester,1.0,1.0,1.5,1.0,0.5923440456390381,1,4.0,pregrado,top,24,12,68
911,pentester,0.0,0.0,0.0,1.0,0.30124086141586304,0,0.0,pregrado,top,0,4,37
912,pentester,0.25,0.0,1.0,1.0,0.47858041524887085,0,2.0,pregrado,top,0,2,38
913,pentester,0.0,0.0,1.5,1.0,0.3537721037864685,0,3.0,pregrado,top,0,1,28
914,pentester,1.0,1.0,1.0,1.0,0.6454874277114868,1,2.0,pregrado,top,0,10,50
915,pentester,1.0,1.0,1.5,1.0,0.6116495132446289,1,4.0,pregrado,top,0,11,45
916,pentester,0.5,0.3333333333333333,1.0,1.0,0.48871177434921265,1,2.0,posgrado,top,12,7,56
917,pentester,1.0,1.0,0.5,0.0,0.5292866230010986,1,1.0,ninguno,desconocida,0,11,34
918,pentester,1.0,0.3333333333333333,1.0,1.0,0.5092805027961731,1,2.0,pregrado,top,0,9,41
919,pentester,0.5,0.0,0.5,1.0,0.4339168667793274,0,1.0,posgrado,top,0,5,40
920,pentester,0.25,0.0,1.5,0.0,0.5402509570121765,0,3.0,ninguno,desconocida,0,3,26
921,pentester,0.5,0.3333333333333333,1.5,1.0,0.539143443107605,1,4.0,pregrado,top,0,6,41
922,pentester,0.0,0.0,0.5,0.0,0.3217335343360901,0,1.0,ninguno,desconocida,0,3,24
923,pentester,0.25,0.0,1.5,1.0,0.4489568769931793,0,3.0,pregrado,top,0,4,41
924,pentester,0.5,0.0,0.5,0.5,0.5744746923446655,0,1.0,tecnico,top,0,3,38
925,pentester,0.0,0.0,0.0,1.0,0.2764291763305664,0,0.0,posgrado,top,0,3,40
926,pentester,1.0,0.3333333333333333,1.5,1.0,0.6029592156410217,1,4.0,pregrado,top,0,8,45
927,pentester,1.0,0.3333333333333333,0.0,1.0,0.6060425639152527,1,0.0,pregrado,top,0,9,52
928,pentester,0.25,0.0,1.0,0.0,0.44376814365386963,0,2.0,ninguno,desconocida,0,2,29
929,pentester,0.25,0.0,0.0,1.0,0.36027634143829346,0,0.0,pregrado,top,0,2,37
930,pentester,0.5,0.3333333333333333,1.5,0.5,0.5139658451080322,0,3.0,tecnico,top,0,8,44
931,pentester,1.0,0.6666666666666666,1.0,1.0,0.5886502265930176,1,2.0,posgrado,top,0,9,42
932,pentester,1.0,1.0,0.0,0.5,0.6209534406661987,1,0.0,tecnico,top,0,8,44
933,pentester,0.75,0.3333333333333333,1.5,1.0,0.5320979356765747,1,5.0,posgrado,top,0,8,44
934,pentester,0.25,0.0,0.5,0.0,0.19701670110225677,0,1.0,ninguno,desconocida,0,4,28
935,pentester,0.75,0.6666666666666666,0.5,1.0,0.49692535400390625,1,1.0,posgrado,top,24,6,57
936,pentester,0.25,0.0,0.5,1.0,0.5930755138397217,0,1.0,pregrado,top,0,4,37
937,pentester,0.0,0.0,1.5,1.0,0.43605077266693115,0,4.0,pregrado,top,0,4,29
938,pentester,0.75,0.3333333333333333,1.5,1.0,0.5882050395011902,1,4.0,pregrado,top,0,8,48
939,pentester,0.0,0.0,0.5,1.0,0.3798898458480835,0,1.0,pregrado,top,0,2,27
940,pentester,0.0,0.0,1.0,0.5,0.2534271478652954,0,2.0,tecnico,top,0,2,39
941,pentester,1.0,0.3333333333333333,1.0,1.0,0.4891199469566345,1,2.0,pregrado,top,0,9,46
942,pentester,0.25,0.3333333333333333,1.0,0.5,0.5468917489051819,0,2.0,tecnico,top,0,4,36
943,pentester,0.25,0.0,1.5,1.0,0.3801354467868805,0,6.0,pregrado,top,0,4,47
944,pentester,0.25,0.0,1.0,0.0,0.42515063285827637,0,2.0,ninguno,desconocida,0,3,25
945,pentester,1.0,0.3333333333333333,1.0,0.0,0.45580756664276123,1,2.0,ninguno,desconocida,0,8,35
946,pentester,0.0,0.0,0.0,1.0,0.37446409463882446,0,0.0,pregrado,top,0,2,43
947,pentester,0.5,0.3333333333333333,0.5,1.0,0.45597970485687256,0,1.0,posgrado,top,0,7,41
948,pentester,0.25,0.0,1.0,0.5,0.4510989189147949,0,2.0,tecnico,top,0,4,36
949,pentester,0.75,1.0,1.5,1.0,0.400263249874115,1,5.0,pregrado,top,12,8,72
950,pentester,1.0,0.6666666666666666,0.0,1.0,0.600124180316925,1,0.0,pregrado,top,0,11,44
951,pentester,1.0,0.3333333333333333,1.0,1.0,0.5395725965499878,1,2.0,pregrado,top,12,10,69
952,pentester,0.25,0.0,0.5,0.5,0.38652971386909485,0,1.0,tecnico,top,0,5,42
953,pentester,1.0,1.0,1.5,1.0,0.7116001844406128,1,4.0,pregrado,top,0,12,55
954,pentester,1.0,0.6666666666666666,0.5,1.0,0.5551109313964844,1,1.0,pregrado,top,0,9,43
955,pentester,0.0,0.0,0.5,0.0,0.32503455877304077,0,1.0,ninguno,desconocida,0,3,25
956,pentester,0.0,0.0,1.0,0.5,0.34324949979782104,0,2.0,tecnico,top,12,2,48
957,pentester,0.75,0.3333333333333333,1.0,1.0,0.5363969802856445,1,2.0,posgrado,top,0,8,50
958,pentester,1.0,0.3333333333333333,0.5,0.0,0.5486867427825928,1,1.0,ninguno,desconocida,0,7,35
959,pentester,0.0,0.0,0.0,1.0,0.20038771629333496,0,0.0,pregrado,top,0,1,36
960,pentester,0.75,1.0,1.5,1.0,0.6012248992919922,1,3.0,pregrado,top,0,10,52
961,devops_engineer,0.0,0.0,1.5,1.0,0.4767528772354126,0,5.0,pregrado,top,0,3,40
962,devops_engineer,0.25,0.0,0.6666666666666666,1.0,0.3974263072013855,0,2.0,pregrado,top,0,4,42
963,devops_engineer,0.0,0.0,1.5,0.5,0.4995265007019043,0,5.0,tecnico,top,12,2,40
964,devops_engineer,0.0,0.0,0.3333333333333333,0.0,0.185068279504776,0,1.0,ninguno,desconocida,12,1,25
965,devops_engineer,0.0,0.0,1.3333333333333333,1.0,0.5362027883529663,0,4.0,posgrado,top,24,3,50
966,devops_engineer,0.5,0.0,0.6666666666666666,1.0,0.6667065620422363,0,2.0,posgrado,top,0,5,38
967,devops_engineer,0.75,0.75,0.6666666666666666,1.0,0.6522427797317505,1,2.0,pregrado,top,0,8,55
968,devops_engineer,0.75,1.0,0.3333333333333333,1.0,0.6444659233093262,1,1.0,posgrado,top,0,11,43
969,devops_engineer,1.0,0.75,1.3333333333333333,1.0,0.5991789102554321,1,4.0,pregrado,top,0,8,48
970,devops_engineer,0.25,0.0,0.0,0.5,0.46774187684059143,0,0.0,tecnico,top,0,2,39
971,devops_engineer,1.0,0.5,1.3333333333333333,1.0,0.5745686888694763,1,4.0,pregrado,top,0,11,44
972,devops_engineer,0.0,0.0,0.3333333333333333,1.0,0.5817405581474304,0,1.0,pregrado,top,0,2,35
973,devops_engineer,0.75,0.25,1.3333333333333333,1.0,0.6223658323287964,1,4.0,pregrado,top,0,6,37
974,devops_engineer,1.0,0.25,1.3333333333333333,0.0,0.5872174501419067,1,4.0,ninguno,desconocida,12,9,47
975,devops_engineer,0.5,0.0,0.6666666666666666,0.0,0.4654279947280884,0,2.0,ninguno,desconocida,0,4,22
976,devops_engineer,0.5,0.25,0.3333333333333333,0.5,0.5652470588684082,0,1.0,tecnico,top,0,7,47
977,devops_engineer,0.5,0.0,1.3333333333333333,0.5,0.39760899543762207,0,4.0,tecnico,top,0,4,41
978,devops_engineer,1.0,0.5,1.5,1.0,0.6046403646469116,1,5.0,pregrado,top,12,10,61
979,devops_engineer,1.0,0.5,1.0,1.0,0.6129993796348572,1,3.0,pregrado,top,0,9,52
980,devops_engineer,0.5,0.5,0.6666666666666666,1.0,0.42676472663879395,0,2.0,pregrado,top,0,7,47
981,devops_engineer,0.75,0.25,0.3333333333333333,0.5,0.6154438257217407,0,1.0,tecnico,top,0,9,49
982,devops_engineer,1.0,0.5,0.3333333333333333,0.0,0.7406660318374634,0,1.0,ninguno,desconocida,0,9,25
983,devops_engineer,0.75,0.75,0.3333333333333333,1.0,0.5523796677589417,1,1.0,pregrado,top,0,10,49
984,devops_engineer,0.25,0.0,0.0,1.0,0.44786882400512695,0,0.0,pregrado,top,0,2,42
985,devops_engineer,1.0,0.25,0.6666666666666666,1.0,0.6054216623306274,1,2.0,posgrado,top,0,8,46
986,devops_engineer,0.0,0.0,0.3333333333333333,1.0,0.5275415778160095,0,1.0,posgrado,top,24,4,41
987,devops_engineer,0.5,0.0,0.3333333333333333,0.0,0.433053195476532,0,1.0,ninguno,desconocida,0,6,22
988,devops_engineer,1.0,0.25,0.3333333333333333,0.5,0.6600986123085022,1,1.0,tecnico,top,0,7,42
989,devops_engineer,0.5,0.25,0.3333333333333333,1.0,0.6213569641113281,0,1.0,pregrado,top,0,8,49
990,devops_engineer,0.0,0.0,0.6666666666666666,1.0,0.35646095871925354,0,2.0,posgrado,top,0,4,37
991,devops_engineer,0.5,0.5,1.3333333333333333,1.0,0.4350697994232178,1,4.0,pregrado,top,0,5,41
992,devops_engineer,0.0,0.0,1.0,0.0,0.44593727588653564,0,3.0,ninguno,desconocida,0,5,29
993,devops_engineer,0.75,0.75,1.3333333333333333,0.5,0.5748348832130432,1,4.0,tecnico,top,0,7,40
994,devops_engineer,0.5,0.5,0.0,0.0,0.51456618309021,0,0.0,ninguno,desconocida,0,9,32
995,devops_engineer,0.5,0.5,1.5,0.5,0.682820200920105,0,5.0,tecnico,top,0,8,39
996,devops_engineer,0.5,0.0,0.3333333333333333,1.0,0.264884889125824,0,1.0,pregrado,top,0,6,37
997,devops_engineer,1.0,1.0,0.3333333333333333,1.0,0.6389064192771912,1,1.0,posgrado,top,0,12,57
998,devops_engineer,1.0,0.75,0.6666666666666666,1.0,0.6507456302642822,1,2.0,pregrado,top,0,9,50
999,devops_engineer,0.5,0.25,1.5,1.0,0.6262328624725342,0,5.0,pregrado,top,24,7,55
1000,devops_engineer,1.0,0.5,1.0,1.0,0.5750172138214111,1,3.0,posgrado,top,0,8,47
1001,devops_engineer,1.0,1.0,0.3333333333333333,1.0,0.5945637226104736,1,1.0,pregrado,top,0,13,55
1002,devops_engineer,0.5,0.0,1.3333333333333333,1.0,0.4840378761291504,0,4.0,pregrado,top,12,6,68
1003,devops_engineer,0.25,0.0,1.0,0.0,0.5579063892364502,0,3.0,ninguno,desconocida,0,5,31
1004,devops_engineer,1.0,0.25,1.3333333333333333,0.0,0.6649389266967773,0,4.0,ninguno,desconocida,0,7,34
1005,devops_engineer,1.0,0.75,1.0,1.0,0.5366535186767578,1,3.0,pregrado,top,12,12,58
1006,devops_engineer,0.5,0.5,0.6666666666666666,1.0,0.49694111943244934,0,2.0,posgrado,top,0,7,34
1007,devops_engineer,0.5,0.5,1.3333333333333333,1.0,0.4519343972206116,1,4.0,posgrado,top,0,8,35
1008,devops_engineer,0.0,0.0,1.3333333333333333,1.0,0.4837080240249634,0,4.0,pregrado,top,12,0,39
1009,devops_engineer,0.25,0.5,1.0,0.5,0.5787028670310974,0,3.0,tecnico,top,0,6,48
1010,devops_engineer,1.0,0.75,1.5,0.5,0.6015051007270813,1,5.0,tecnico,top,12,10,67
1011,devops_engineer,0.0,0.0,1.3333333333333333,1.0,0.33729708194732666,0,4.0,pregrado,top,0,4,36
1012,devops_engineer,1.0,0.75,0.6666666666666666,0.5,0.7046877145767212,1,2.0,tecnico,top,0,11,51
1013,devops_engineer,0.5,0.0,1.5,1.0,0.4221542477607727,0,5.0,pregrado,top,24,5,59
1014,devops_engineer,0.5,0.25,1.0,1.0,0.37028491497039795,0,3.0,pregrado,top,0,5,36
1015,devops_engineer,0.25,0.0,0.6666666666666666,1.0,0.6151847839355469,0,2.0,pregrado,top,0,2,30
1016,devops_engineer,0.25,0.0,1.0,1.0,0.5100864171981812,0,3.0,pregrado,top,0,4,41
1017,devops_engineer,0.5,0.25,0.0,1.0,0.6215996742248535,0,0.0,pregrado,top,0,7,44
1018,devops_engineer,0.5,0.0,1.5,0.5,0.4375324845314026,0,5.0,tecnico,top,0,6,33
1019,devops_engineer,0.25,0.0,0.3333333333333333,1.0,0.41181474924087524,0,1.0,pregrado,top,0,3,34
1020,devops_engineer,0.0,0.0,1.0,0.0,0.3028664290904999,0,3.0,ninguno,desconocida,0,3,30
1021,devops_engineer,1.0,0.75,1.5,1.0,0.6199103593826294,1,6.0,pregrado,top,0,11,44
1022,devops_engineer,1.0,0.25,0.6666666666666666,1.0,0.7035946846008301,1,2.0,pregrado,top,0,7,50
1023,devops_engineer,0.25,0.25,1.3333333333333333,1.0,0.5711052417755127,0,4.0,pregrado,top,0,6,35
1024,devops_engineer,0.75,0.5,1.3333333333333333,1.0,0.5558907985687256,1,4.0,posgrado,top,0,10,32
1025,devops_engineer,0.75,0.25,0.3333333333333333,1.0,0.5460626482963562,1,1.0,posgrado,top,12,7,57
1026,devops_engineer,0.5,0.5,0.3333333333333333,1.0,0.5891114473342896,0,1.0,pregrado,top,0,9,49
1027,devops_engineer,1.0,1.0,0.6666666666666666,0.5,0.5891499519348145,1,2.0,tecnico,top,0,11,54
1028,devops_engineer,0.5,0.0,1.3333333333333333,0.5,0.5213339328765869,0,4.0,tecnico,top,0,5,49
1029,devops_engineer,1.0,1.0,1.0,1.0,0.609763503074646,1,3.0,pregrado,top,0,12,41
1030,devops_engineer,1.0,1.0,0.3333333333333333,1.0,0.5202512741088867,1,1.0,pregrado,top,0,10,57
1031,devops_engineer,0.5,0.0,1.3333333333333333,0.5,0.41859620809555054,0,4.0,tecnico,top,0,7,51
1032,devops_engineer,1.0,0.5,1.0,1.0,0.6655775308609009,1,3.0,posgrado,top,0,9,43
1033,devops_engineer,1.0,0.25,0.6666666666666666,1.0,0.39564287662506104,1,2.0,pregrado,top,0,7,37
1034,devops_engineer,0.75,0.75,1.0,1.0,0.6107532382011414,1,3.0,posgrado,top,0,8,47
1035,devops_engineer,1.0,0.5,0.6666666666666666,0.0,0.5897402763366699,1,2.0,ninguno,desconocida,0,10,38
1036,devops_engineer,0.0,0.0,0.6666666666666666,1.0,0.4925764799118042,0,2.0,pregrado,top,0,4,40
1037,devops_engineer,0.5,0.5,0.3333333333333333,0.5,0.5091999173164368,0,1.0,tecnico,top,0,8,45
1038,devops_engineer,0.5,0.5,1.3333333333333333,1.0,0.4848637282848358,0,4.0,pregrado,top,12,6,62
1039,devops_engineer,0.0,0.0,0.6666666666666666,1.0,0.43030911684036255,0,2.0,posgrado,top,0,5,39
1040,devops_engineer,0.25,0.0,1.0,1.0,0.47534072399139404,0,3.0,pregrado,top,0,2,29
1041,devops_engineer,0.5,0.5,1.0,0.5,0.49746742844581604,0,3.0,tecnico,top,0,7,37
1042,devops_engineer,0.5,0.5,1.3333333333333333,1.0,0.651134729385376,1,4.0,pregrado,top,12,6,63
1043,devops_engineer,0.0,0.0,1.0,1.0,0.3231366276741028,0,3.0,pregrado,top,0,4,53
1044,devops_engineer,0.25,0.0,0.3333333333333333,1.0,0.6249444484710693,0,1.0,pregrado,top,0,5,37
1045,devops_engineer,1.0,0.75,0.3333333333333333,1.0,0.5851851105690002,1,1.0,pregrado,top,0,10,43
1046,devops_engineer,0.0,0.0,1.5,1.0,0.3619931936264038,0,7.0,pregrado,top,0,1,29
1047,devops_engineer,0.0,0.0,0.0,1.0,0.41234153509140015,0,0.0,pregrado,top,0,2,33
1048,devops_engineer,0.5,0.25,0.6666666666666666,0.5,0.5306422710418701,0,2.0,tecnico,top,0,6,42
1049,devops_engineer,0.5,0.25,1.0,1.0,0.5979142189025879,1,3.0,posgrado,top,0,5,37
1050,devops_engineer,0.0,0.0,1.5,1.0,0.38806840777397156,0,6.0,pregrado,top,0,2,35
1051,devops_engineer,0.0,0.0,0.6666666666666666,1.0,0.4592307209968567,0,2.0,pregrado,top,0,3,48
1052,devops_engineer,0.5,0.0,0.6666666666666666,1.0,0.4304337501525879,0,2.0,pregrado,top,12,7,61
1053,devops_engineer,0.5,0.0,0.3333333333333333,1.0,0.6067900657653809,0,1.0,pregrado,top,0,4,44
1054,devops_engineer,0.5,0.5,0.6666666666666666,1.0,0.5369584560394287,0,2.0,pregrado,top,0,8,41
1055,devops_engineer,1.0,1.0,0.3333333333333333,0.0,0.5782815217971802,1,1.0,ninguno,desconocida,0,10,30
1056,devops_engineer,0.5,0.25,1.3333333333333333,1.0,0.6134450435638428,1,4.0,pregrado,top,0,5,51
1057,devops_engineer,1.0,0.75,0.3333333333333333,1.0,0.5834866762161255,1,1.0,posgrado,top,0,10,46
1058,devops_engineer,0.0,0.0,1.3333333333333333,1.0,0.4891497492790222,0,4.0,pregrado,top,0,1,34
1059,devops_engineer,0.5,0.5,1.3333333333333333,0.5,0.5655803084373474,1,4.0,tecnico,top,0,8,42
1060,devops_engineer,1.0,0.5,1.0,1.0,0.6742205619812012,1,3.0,pregrado,top,0,9,51
1061,devops_engineer,0.75,0.25,1.5,1.0,0.6389209628105164,1,5.0,pregrado,top,0,8,44
1062,devops_engineer,0.0,0.0,1.0,1.0,0.46331578493118286,0,3.0,pregrado,top,0,3,40
1063,devops_engineer,1.0,0.5,1.3333333333333333,1.0,0.6073718667030334,1,4.0,posgrado,top,0,9,37
1064,devops_engineer,0.25,0.0,1.3333333333333333,0.5,0.4440419673919678,0,4.0,tecnico,top,0,4,36
1065,devops_engineer,0.25,0.0,1.0,1.0,0.46840161085128784,0,3.0,pregrado,top,0,4,43
1066,devops_engineer,1.0,1.0,0.3333333333333333,1.0,0.6723945140838623,1,1.0,pregrado,top,0,11,49
1067,devops_engineer,0.5,0.5,0.0,0.5,0.5676740407943726,0,0.0,tecnico,top,0,9,52
1068,devops_engineer,0.25,0.5,1.3333333333333333,1.0,0.6461871266365051,1,4.0,pregrado,top,24,5,61
1069,devops_engineer,0.75,0.5,0.6666666666666666,1.0,0.6160147190093994,1,2.0,pregrado,top,0,6,45
1070,devops_engineer,1.0,1.0,0.6666666666666666,1.0,0.6377946138381958,1,2.0,posgrado,top,24,12,62
1071,devops_engineer,0.5,0.25,0.6666666666666666,0.5,0.6194862127304077,0,2.0,tecnico,top,0,6,35
1072,devops_engineer,0.5,0.0,0.6666666666666666,0.5,0.377704918384552,0,2.0,tecnico,top,0,5,40
1073,devops_engineer,1.0,0.25,0.6666666666666666,1.0,0.47087225317955017,1,2.0,pregrado,top,0,9,48
1074,devops_engineer,0.5,0.5,1.3333333333333333,1.0,0.6668038368225098,1,4.0,pregrado,top,0,8,51
1075,devops_engineer,0.25,0.0,0.3333333333333333,0.5,0.5293943881988525,0,1.0,tecnico,top,0,4,25
1076,devops_engineer,0.25,0.0,1.3333333333333333,1.0,0.5799610614776611,0,4.0,posgrado,top,12,4,60
1077,devops_engineer,1.0,0.25,1.5,1.0,0.5054402351379395,1,5.0,pregrado,top,0,8,40
1078,devops_engineer,0.5,0.25,0.0,0.0,0.6456411480903625,0,0.0,ninguno,desconocida,0,8,38
1079,devops_engineer,1.0,0.75,0.3333333333333333,0.5,0.4767453372478485,1,1.0,tecnico,top,0,11,46
1080,devops_engineer,0.5,0.5,1.5,1.0,0.5537874102592468,1,7.0,pregrado,top,0,5,39
1081,devops_engineer,0.5,0.0,0.6666666666666666,1.0,0.6416146159172058,0,2.0,pregrado,top,0,6,48
1082,devops_engineer,0.5,0.25,0.3333333333333333,1.0,0.541235089302063,0,1.0,pregrado,top,0,7,46
1083,devops_engineer,1.0,0.5,0.3333333333333333,1.0,0.49940845370292664,1,1.0,posgrado,top,0,9,47
1084,devops_engineer,0.5,0.0,1.5,1.0,0.5848550796508789,0,6.0,pregrado,top,24,5,64
1085,devops_engineer,1.0,0.5,1.3333333333333333,1.0,0.6520317196846008,1,4.0,pregrado,top,0,9,33
1086,devops_engineer,1.0,0.25,0.0,1.0,0.6098631620407104,1,0.0,pregrado,top,0,7,43
1087,devops_engineer,1.0,0.25,1.5,1.0,0.6947969198226929,1,5.0,pregrado,top,12,8,64
1088,devops_engineer,0.5,0.25,1.0,1.0,0.4718165099620819,0,3.0,posgrado,top,0,6,43
1089,devops_engineer,0.0,0.0,0.3333333333333333,0.5,0.3853830099105835,0,1.0,tecnico,top,0,3,34
1090,devops_engineer,1.0,0.75,0.0,0.5,0.49809104204177856,1,0.0,tecnico,top,0,10,53
1091,devops_engineer,1.0,0.5,1.3333333333333333,1.0,0.599473774433136,1,4.0,pregrado,top,0,10,48
1092,devops_engineer,0.0,0.0,0.3333333333333333,0.0,0.4419688880443573,0,1.0,ninguno,desconocida,0,4,27
1093,devops_engineer,0.25,0.0,0.3333333333333333,1.0,0.5218441486358643,0,1.0,posgrado,top,0,3,29
1094,devops_engineer,1.0,0.5,1.3333333333333333,0.5,0.6519607305526733,1,4.0,tecnico,top,0,10,50
1095,devops_engineer,0.5,0.25,1.5,1.0,0.5747442245483398,0,5.0,posgrado,top,0,6,35
1096,devops_engineer,0.5,0.5,0.6666666666666666,1.0,0.5788201689720154,0,2.0,pregrado,top,0,7,52
1097,devops_engineer,1.0,0.25,1.0,1.0,0.6548664569854736,1,3.0,pregrado,top,0,6,45
1098,devops_engineer,0.5,0.25,1.3333333333333333,0.5,0.549892246723175,0,4.0,tecnico,top,0,7,52
1099,devops_engineer,1.0,0.25,0.3333333333333333,1.0,0.5873894691467285,1,1.0,posgrado,top,0,6,43
1100,devops_engineer,0.5,0.5,0.3333333333333333,0.0,0.6373636722564697,0,1.0,ninguno,desconocida,0,8,35
1101,devops_engineer,1.0,0.25,1.0,0.5,0.53618323802948,1,3.0,tecnico,top,0,9,45
1102,devops_engineer,0.75,0.25,1.5,1.0,0.5624905824661255,1,5.0,posgrado,top,0,8,40
1103,devops_engineer,0.5,0.0,1.5,1.0,0.5784691572189331,0,5.0,pregrado,top,0,5,29
1104,devops_engineer,1.0,0.75,1.3333333333333333,1.0,0.6892470121383667,1,4.0,pregrado,top,0,10,49
1105,devops_engineer,0.5,0.25,1.0,1.0,0.5931231379508972,1,3.0,pregrado,top,12,4,49
1106,devops_engineer,0.25,0.0,1.0,0.5,0.5239171385765076,0,3.0,tecnico,top,0,3,38
1107,devops_engineer,0.25,0.0,1.0,1.0,0.32556867599487305,0,3.0,pregrado,top,0,2,29
1108,devops_engineer,0.5,0.25,1.3333333333333333,1.0,0.7263286113739014,1,4.0,pregrado,top,0,5,40
1109,devops_engineer,1.0,0.5,0.6666666666666666,0.0,0.5979527235031128,1,2.0,ninguno,desconocida,12,11,54
1110,devops_engineer,0.75,1.0,1.0,0.5,0.5719070434570312,1,3.0,tecnico,top,24,11,59
1111,devops_engineer,0.25,0.0,0.6666666666666666,0.0,0.4494282603263855,0,2.0,ninguno,desconocida,0,4,32
1112,devops_engineer,0.5,0.25,0.3333333333333333,1.0,0.6366687417030334,0,1.0,pregrado,top,0,7,43
1113,devops_engineer,0.25,0.0,1.5,1.0,0.3999117612838745,0,6.0,pregrado,top,12,4,57
1114,devops_engineer,0.5,0.25,0.3333333333333333,1.0,0.4708920121192932,0,1.0,pregrado,top,24,6,47
1115,devops_engineer,0.5,0.5,0.0,0.5,0.5466930866241455,0,0.0,tecnico,top,0,8,42
1116,devops_engineer,1.0,1.0,0.3333333333333333,1.0,0.6169068813323975,1,1.0,pregrado,top,0,14,46
1117,devops_engineer,0.25,0.0,1.0,0.5,0.21295073628425598,0,3.0,tecnico,top,0,3,30
1118,devops_engineer,0.5,0.0,1.0,0.0,0.6171002388000488,0,3.0,ninguno,desconocida,0,6,35
1119,devops_engineer,1.0,1.0,0.3333333333333333,1.0,0.6210377216339111,1,1.0,pregrado,top,0,11,42
1120,devops_engineer,0.5,0.0,0.3333333333333333,1.0,0.532192587852478,0,1.0,pregrado,top,0,5,43
